,class
2900,anomaly
11640,anomaly
16662,anomaly
21545,anomaly
8384,normal
5886,anomaly
3083,normal
18828,anomaly
1414,normal
3036,normal
20662,normal
2999,normal
7631,normal
8273,anomaly
22037,anomaly
8467,anomaly
18723,anomaly
16031,normal
12314,normal
10402,normal
6486,normal
5256,anomaly
18706,anomaly
719,normal
9828,anomaly
8832,anomaly
7436,normal
1894,normal
6158,normal
2574,normal
3773,anomaly
2490,anomaly
15289,anomaly
19799,normal
1396,anomaly
3323,anomaly
16923,normal
305,anomaly
8082,normal
24022,normal
15717,anomaly
7594,anomaly
16119,normal
4242,normal
24809,anomaly
7734,anomaly
23519,anomaly
8803,normal
22677,normal
22945,normal
9215,normal
19430,anomaly
5034,normal
20382,normal
20581,normal
14099,anomaly
2394,normal
4695,normal
24974,normal
23719,anomaly
24695,normal
2929,anomaly
19315,anomaly
8224,anomaly
24855,anomaly
18513,anomaly
6761,normal
4302,normal
24841,anomaly
12721,normal
13275,anomaly
5203,anomaly
17975,normal
12754,normal
3352,anomaly
20231,normal
18066,normal
10563,anomaly
15560,anomaly
14013,anomaly
18590,anomaly
13471,normal
7822,normal
1526,normal
19076,normal
15474,anomaly
18734,anomaly
21949,anomaly
2059,normal
19908,normal
5775,normal
13063,normal
6570,anomaly
17491,anomaly
10507,anomaly
2965,normal
5108,normal
19026,anomaly
6016,normal
7495,normal
22972,anomaly
6823,anomaly
23996,normal
1295,anomaly
5037,anomaly
15340,anomaly
25055,anomaly
2130,normal
6128,normal
839,normal
2228,anomaly
23578,anomaly
17869,normal
3902,normal
10196,normal
10274,normal
8483,anomaly
9869,anomaly
21584,normal
24353,normal
1648,normal
8345,anomaly
698,normal
10159,anomaly
19046,normal
24844,anomaly
15870,anomaly
12397,normal
6489,normal
15143,normal
1467,normal
13174,anomaly
22411,anomaly
18057,normal
5286,anomaly
23255,anomaly
8917,normal
3108,normal
14504,anomaly
17621,anomaly
19494,anomaly
5924,anomaly
24354,anomaly
23230,normal
9958,anomaly
13997,anomaly
22588,normal
22414,anomaly
9092,anomaly
23541,normal
10090,normal
18583,normal
4187,anomaly
4143,anomaly
8993,normal
4979,anomaly
16978,normal
22488,normal
19311,normal
16906,normal
13349,anomaly
22249,normal
21439,normal
9939,anomaly
21773,anomaly
22004,anomaly
16878,anomaly
19876,normal
24579,normal
10219,anomaly
3424,anomaly
12506,normal
19884,normal
1944,normal
9994,normal
22904,normal
4074,normal
6434,normal
19360,anomaly
23917,anomaly
9453,anomaly
23039,normal
17709,anomaly
5471,anomaly
9016,normal
816,normal
17339,anomaly
9688,normal
22471,normal
11898,normal
15955,anomaly
11260,normal
1980,anomaly
23564,anomaly
16036,anomaly
19386,normal
15037,anomaly
8738,anomaly
21017,normal
15425,anomaly
5687,anomaly
4283,anomaly
17863,normal
6820,anomaly
13653,normal
17959,anomaly
20325,normal
24312,normal
8655,anomaly
16015,anomaly
12516,normal
2254,anomaly
11945,normal
25183,anomaly
15316,anomaly
10508,normal
2399,anomaly
24331,normal
9298,anomaly
10004,normal
4539,anomaly
2511,normal
1617,normal
18519,anomaly
18001,anomaly
8614,normal
17970,anomaly
24604,anomaly
16720,normal
8555,anomaly
11743,normal
14427,anomaly
16053,normal
20215,anomaly
1274,normal
23893,anomaly
2288,anomaly
13123,normal
2029,anomaly
24711,normal
18398,anomaly
3723,anomaly
8536,anomaly
18475,normal
20816,normal
16251,anomaly
21579,normal
21057,normal
1566,normal
12874,normal
20479,anomaly
3021,normal
22468,anomaly
9638,normal
22349,anomaly
4466,normal
16412,anomaly
8791,anomaly
11893,normal
12324,anomaly
21437,normal
24681,normal
6850,normal
19730,normal
11678,normal
12568,anomaly
3285,normal
11202,normal
24450,normal
16047,normal
4326,normal
18685,anomaly
17997,normal
17003,normal
18130,normal
3691,normal
6635,normal
18081,anomaly
9450,anomaly
10185,anomaly
10167,anomaly
1719,normal
1453,anomaly
9075,normal
3218,normal
10773,normal
13288,normal
23637,normal
11393,normal
5799,normal
6393,anomaly
16430,anomaly
7796,anomaly
7815,normal
24782,anomaly
1593,normal
19380,normal
5553,normal
22058,normal
21446,anomaly
19348,anomaly
4387,normal
4150,normal
8730,normal
11001,anomaly
2109,anomaly
8897,anomaly
2597,normal
9096,normal
14228,normal
21607,normal
9970,normal
14122,normal
8606,normal
1430,anomaly
19528,anomaly
16808,anomaly
17731,normal
19687,anomaly
10008,normal
21355,anomaly
23730,normal
3535,normal
24400,normal
9773,normal
1037,normal
8701,anomaly
13569,normal
13299,normal
10151,anomaly
12772,anomaly
23555,normal
7528,normal
9317,anomaly
3185,normal
9210,normal
6020,anomaly
14021,normal
16120,anomaly
2830,anomaly
16455,anomaly
20656,normal
6113,normal
14060,normal
23876,normal
9078,anomaly
4171,anomaly
14563,normal
11196,anomaly
14367,normal
8787,anomaly
18217,anomaly
9730,anomaly
1705,normal
3290,anomaly
21042,normal
18817,normal
6655,normal
21076,anomaly
21962,anomaly
17345,normal
1578,normal
829,anomaly
6727,normal
6714,anomaly
23842,normal
486,normal
21450,normal
506,anomaly
20087,anomaly
2299,anomaly
5626,normal
2483,normal
7611,normal
9875,anomaly
2127,anomaly
125,normal
18366,normal
20259,normal
20561,normal
1292,normal
7677,anomaly
10800,normal
19312,anomaly
7277,anomaly
19821,anomaly
193,anomaly
16568,anomaly
16981,normal
12140,anomaly
14320,normal
18225,normal
2826,anomaly
22544,anomaly
12635,anomaly
2173,normal
14395,normal
19410,normal
1036,anomaly
2661,normal
14896,normal
23605,normal
3593,anomaly
8603,anomaly
23172,normal
7767,normal
5786,normal
8893,anomaly
8643,anomaly
21599,anomaly
10038,anomaly
20437,normal
12597,anomaly
14061,anomaly
5472,normal
8494,anomaly
4031,anomaly
11481,normal
19121,anomaly
3570,anomaly
12897,normal
21542,normal
10098,normal
8846,anomaly
6078,normal
23559,normal
7239,anomaly
22948,normal
17790,anomaly
21206,normal
13342,normal
13267,anomaly
8527,anomaly
10125,normal
1703,normal
16108,anomaly
23664,normal
18883,normal
8400,anomaly
14231,normal
9537,anomaly
11854,anomaly
1415,anomaly
5312,normal
14730,normal
11006,anomaly
4047,normal
5157,normal
22452,normal
13816,anomaly
19235,anomaly
20141,normal
20179,normal
15477,normal
10100,normal
23456,anomaly
4264,normal
10465,normal
12008,anomaly
12067,anomaly
12521,normal
20839,normal
3642,normal
5646,anomaly
20761,normal
8020,normal
1880,normal
8378,normal
13037,anomaly
12461,anomaly
4572,normal
16279,normal
1366,normal
6377,normal
1736,normal
14283,normal
765,anomaly
15381,anomaly
1671,normal
24759,anomaly
13988,anomaly
23183,normal
6609,anomaly
4791,normal
19398,anomaly
23750,normal
7652,anomaly
4661,anomaly
4866,normal
8833,normal
17212,normal
20912,anomaly
18350,normal
7653,anomaly
13416,anomaly
15077,anomaly
24686,anomaly
11521,normal
14326,normal
20113,normal
13211,normal
234,normal
18677,normal
13452,anomaly
14817,normal
14378,anomaly
21066,anomaly
14710,normal
18386,normal
15152,normal
8183,anomaly
7454,normal
18744,normal
8907,normal
8988,anomaly
24858,normal
4139,normal
9212,normal
1118,anomaly
10375,normal
23830,normal
10814,normal
23244,normal
3284,anomaly
1650,anomaly
20017,anomaly
2643,normal
222,anomaly
10844,anomaly
12160,normal
8590,normal
23040,anomaly
3848,normal
4158,normal
9394,normal
8523,anomaly
24694,anomaly
10124,anomaly
3466,anomaly
44,normal
18712,normal
1349,normal
9742,normal
20590,anomaly
10416,normal
11467,anomaly
13487,normal
5850,normal
3030,normal
22334,normal
7083,anomaly
2436,normal
8512,normal
14883,anomaly
11330,normal
7472,anomaly
3605,anomaly
21114,normal
17211,anomaly
14715,normal
20025,normal
8690,normal
11705,normal
24209,normal
22595,normal
19014,normal
21638,normal
18973,anomaly
9031,normal
22903,anomaly
11038,normal
14714,normal
11924,normal
3595,normal
7278,anomaly
23590,anomaly
14755,normal
13223,normal
7039,anomaly
3268,normal
21381,normal
12347,normal
6579,anomaly
3024,anomaly
23938,normal
24346,normal
4151,normal
14044,anomaly
13383,normal
15232,anomaly
12717,normal
9769,anomaly
2570,anomaly
788,anomaly
21189,anomaly
14982,normal
22464,anomaly
6309,normal
4027,normal
1699,normal
17575,normal
4570,anomaly
17539,normal
13699,normal
21787,anomaly
8301,anomaly
10618,anomaly
20849,anomaly
23598,anomaly
15254,normal
17685,anomaly
9500,anomaly
7145,normal
16949,normal
12388,normal
19397,normal
12143,normal
584,normal
17911,normal
19735,anomaly
3611,normal
24525,normal
25062,anomaly
3569,anomaly
24001,anomaly
5934,anomaly
4226,anomaly
14911,normal
15978,anomaly
13946,normal
16505,normal
22274,anomaly
23722,anomaly
4907,normal
24074,normal
15191,normal
11418,normal
18153,normal
2285,normal
12207,normal
8125,anomaly
22937,anomaly
11431,normal
7672,anomaly
130,anomaly
23105,normal
9645,normal
12733,normal
12519,anomaly
5054,normal
15741,anomaly
18370,anomaly
12259,anomaly
17680,normal
2143,anomaly
1657,normal
5285,anomaly
23194,anomaly
20966,normal
18369,normal
2906,normal
22196,normal
5812,normal
9386,anomaly
23009,anomaly
16529,anomaly
15782,normal
23780,anomaly
11311,normal
18619,anomaly
13581,anomaly
6733,normal
9634,normal
6010,normal
8972,anomaly
277,anomaly
17866,anomaly
17456,normal
7236,anomaly
18504,anomaly
21425,normal
18664,normal
8217,normal
19590,normal
20411,normal
25025,normal
9615,anomaly
21848,normal
19537,normal
6162,normal
1633,anomaly
25141,anomaly
13454,anomaly
7479,normal
20724,normal
7351,anomaly
18124,normal
6238,anomaly
14476,anomaly
17949,normal
12213,normal
22309,anomaly
18200,anomaly
19851,normal
21359,anomaly
3267,anomaly
7957,anomaly
556,anomaly
18617,normal
7545,anomaly
15572,anomaly
6123,anomaly
1454,normal
3160,normal
14103,anomaly
10874,anomaly
9517,normal
18772,normal
21107,anomaly
24056,anomaly
13252,normal
24182,anomaly
8451,normal
6578,normal
22879,normal
22552,anomaly
603,anomaly
22896,normal
11618,normal
11126,normal
16816,normal
101,normal
8369,normal
21953,anomaly
14127,normal
11631,normal
23374,anomaly
3670,normal
24590,normal
14799,normal
14850,normal
19797,anomaly
14094,normal
23882,normal
6516,anomaly
11056,normal
16353,normal
14369,anomaly
7927,normal
25060,anomaly
18308,anomaly
6299,normal
15489,normal
12265,anomaly
24882,normal
7870,anomaly
24251,normal
3319,normal
6076,normal
23365,anomaly
16086,normal
5683,anomaly
23204,anomaly
22594,anomaly
11758,normal
16025,anomaly
19945,normal
22983,normal
6367,anomaly
9555,normal
14305,anomaly
24598,normal
18180,normal
14287,normal
21048,anomaly
17563,normal
21429,normal
5539,normal
21703,anomaly
1978,anomaly
3126,anomaly
16683,anomaly
3909,anomaly
22254,anomaly
20154,normal
19225,normal
14472,normal
9506,normal
24155,normal
10577,anomaly
7782,anomaly
19860,normal
4886,anomaly
3449,normal
20932,normal
24427,anomaly
17996,anomaly
23358,anomaly
9528,normal
20736,anomaly
17518,anomaly
22217,anomaly
19185,anomaly
9347,normal
5388,anomaly
10473,anomaly
10852,anomaly
13689,normal
16431,normal
4677,normal
17666,normal
12150,normal
15853,anomaly
23621,anomaly
16674,normal
23179,anomaly
21143,normal
22331,normal
24826,anomaly
4363,normal
625,anomaly
20960,anomaly
20475,anomaly
5132,normal
3823,normal
20166,normal
12070,anomaly
3228,anomaly
8935,anomaly
5705,normal
24029,normal
4432,normal
14608,normal
18916,normal
5982,anomaly
5641,anomaly
24729,normal
16693,normal
1404,anomaly
23266,anomaly
4106,anomaly
8109,normal
9975,normal
4552,anomaly
19984,normal
13053,normal
4553,normal
23164,anomaly
1849,anomaly
741,anomaly
15312,normal
2098,normal
3070,normal
14947,normal
9947,normal
9147,normal
12055,anomaly
3654,anomaly
19211,normal
15404,normal
15963,anomaly
18524,normal
18756,anomaly
24423,anomaly
9999,anomaly
5615,anomaly
14380,normal
16513,normal
21391,anomaly
14159,normal
15925,normal
24789,normal
1277,anomaly
22743,anomaly
8314,normal
9462,anomaly
17460,anomaly
5723,normal
19183,normal
1992,anomaly
17097,normal
17062,normal
17089,normal
1410,anomaly
1928,anomaly
1805,normal
3528,normal
14910,anomaly
11392,normal
5349,normal
4998,anomaly
10922,anomaly
2410,normal
14150,anomaly
22723,normal
8599,normal
17590,anomaly
17669,anomaly
24879,anomaly
1542,anomaly
15382,normal
2456,normal
23222,normal
10963,anomaly
5660,anomaly
15774,normal
964,normal
11130,normal
11440,anomaly
20569,anomaly
12535,anomaly
5213,normal
4770,anomaly
3202,anomaly
12522,anomaly
3258,normal
15171,normal
22316,anomaly
3652,anomaly
2151,normal
17294,normal
18736,normal
14704,normal
6450,normal
12768,normal
20334,anomaly
3677,normal
13808,normal
836,anomaly
9965,normal
4235,anomaly
24256,anomaly
22001,normal
5620,normal
7722,normal
10458,normal
12051,normal
21386,normal
4681,anomaly
2038,normal
9807,anomaly
23322,normal
18311,normal
8974,anomaly
20234,anomaly
19831,anomaly
3322,normal
15497,normal
2091,anomaly
19655,normal
736,normal
13435,anomaly
24248,anomaly
119,normal
6256,normal
20016,anomaly
23131,normal
12236,anomaly
15277,anomaly
14607,anomaly
15449,normal
20132,normal
10929,anomaly
20381,normal
13664,anomaly
1111,anomaly
3463,normal
1470,anomaly
14346,anomaly
17874,normal
89,normal
6397,anomaly
21279,normal
18788,normal
7590,anomaly
10385,anomaly
1251,normal
4901,normal
12349,normal
12447,normal
15146,anomaly
17160,normal
6639,anomaly
17678,anomaly
25115,normal
20474,anomaly
10471,normal
5703,anomaly
8589,normal
6636,anomaly
10417,anomaly
18257,normal
20696,normal
3221,anomaly
12063,anomaly
20455,anomaly
116,anomaly
23189,normal
339,anomaly
4610,normal
678,anomaly
20547,anomaly
1963,anomaly
5057,anomaly
17969,anomaly
21670,normal
2052,anomaly
2155,normal
21903,anomaly
2367,normal
23524,normal
1078,anomaly
9752,normal
840,normal
16221,anomaly
8582,normal
3855,normal
21191,anomaly
772,normal
3080,anomaly
15018,anomaly
19815,normal
23090,normal
21284,anomaly
17431,anomaly
17899,anomaly
22892,anomaly
5651,normal
18528,normal
19233,normal
6955,normal
17548,anomaly
13840,normal
10076,anomaly
16417,anomaly
24546,normal
19800,normal
25077,anomaly
15827,normal
50,normal
19787,anomaly
5690,anomaly
4072,anomaly
5896,anomaly
17718,anomaly
16811,normal
9620,anomaly
18831,anomaly
18538,anomaly
1107,normal
4628,normal
3506,anomaly
16776,normal
21133,normal
23672,normal
20473,anomaly
338,anomaly
20603,anomaly
16364,normal
19961,normal
4737,anomaly
22535,normal
7229,normal
3714,anomaly
17585,normal
14407,normal
1737,normal
18893,anomaly
2957,anomaly
13714,normal
22688,normal
3821,anomaly
934,anomaly
15567,anomaly
21093,normal
2604,normal
7088,anomaly
1244,normal
24941,normal
21782,anomaly
22194,normal
2163,anomaly
17888,anomaly
15017,anomaly
15780,normal
13854,anomaly
10762,normal
15568,normal
22262,anomaly
6668,normal
6491,anomaly
24566,anomaly
24642,anomaly
22218,anomaly
5596,anomaly
13952,anomaly
10856,anomaly
436,normal
10857,anomaly
16480,normal
20895,normal
20832,normal
10251,normal
23247,normal
19663,normal
19137,anomaly
24328,anomaly
6721,anomaly
16767,normal
6237,anomaly
11188,anomaly
19904,normal
19412,normal
19053,normal
11519,anomaly
19983,anomaly
19088,normal
23211,anomaly
2834,normal
11235,anomaly
21351,normal
4619,normal
11217,normal
20878,normal
13412,anomaly
17730,anomaly
17922,anomaly
4600,normal
2690,anomaly
17786,anomaly
2763,anomaly
1358,anomaly
11636,normal
24710,normal
11907,anomaly
16597,normal
16384,anomaly
11555,anomaly
20489,normal
388,normal
2919,normal
12814,normal
9001,normal
3237,normal
8593,normal
5000,anomaly
13745,normal
5963,anomaly
3490,anomaly
18461,normal
17009,anomaly
12212,normal
1032,anomaly
12577,anomaly
721,normal
12784,anomaly
23318,anomaly
2933,normal
17468,normal
23921,normal
3274,normal
17207,anomaly
4789,anomaly
23462,normal
7646,anomaly
18007,normal
1652,normal
4615,normal
9671,anomaly
4136,normal
6902,normal
799,normal
4095,normal
15566,normal
17849,anomaly
7801,normal
13973,normal
2629,anomaly
9302,normal
14052,normal
12215,anomaly
16465,normal
7242,anomaly
10756,normal
15820,anomaly
2167,anomaly
62,anomaly
24671,normal
23072,normal
6931,normal
20820,anomaly
16055,anomaly
24090,anomaly
5926,normal
6895,normal
19728,anomaly
12572,normal
20337,anomaly
3035,anomaly
891,anomaly
2420,normal
8116,normal
12240,normal
1231,normal
2877,normal
10050,normal
20269,normal
17231,normal
5778,normal
12096,anomaly
9587,anomaly
2654,anomaly
4310,normal
8497,normal
4379,normal
727,normal
982,normal
17892,normal
1656,anomaly
24586,anomaly
7516,normal
17362,anomaly
17748,anomaly
4298,normal
11763,normal
11109,normal
11560,normal
12520,normal
8681,anomaly
8408,normal
3327,anomaly
9190,normal
5640,normal
17172,anomaly
9320,normal
8196,normal
23935,normal
17364,anomaly
3540,normal
20482,anomaly
16864,anomaly
10543,anomaly
13403,normal
20695,normal
17027,anomaly
17725,normal
2558,anomaly
11290,normal
4817,anomaly
19825,anomaly
13852,normal
7332,anomaly
23609,anomaly
21887,anomaly
2026,anomaly
21511,anomaly
22007,anomaly
1945,normal
17067,normal
7969,anomaly
14296,normal
2896,normal
5463,normal
8533,anomaly
9593,normal
532,anomaly
2610,normal
22143,normal
18947,normal
18296,anomaly
6369,normal
6530,normal
7188,normal
16962,normal
3882,anomaly
6829,normal
21794,normal
12890,normal
18250,normal
17102,normal
6225,normal
14854,anomaly
10448,anomaly
22809,normal
17765,anomaly
8234,anomaly
8275,normal
17442,anomaly
12713,normal
3799,anomaly
926,normal
823,anomaly
17308,anomaly
5672,normal
13513,anomaly
22244,normal
3885,normal
20777,normal
173,anomaly
20679,normal
9169,anomaly
6697,normal
21959,normal
16520,anomaly
7961,normal
14650,anomaly
20938,normal
24225,normal
6542,anomaly
5906,anomaly
744,anomaly
20427,normal
8772,normal
6214,normal
4068,anomaly
21961,anomaly
9325,normal
3951,normal
17169,anomaly
24389,anomaly
14334,anomaly
6262,anomaly
16372,normal
16329,anomaly
2782,normal
19262,anomaly
11187,anomaly
5294,normal
1462,normal
11296,anomaly
19924,normal
7241,anomaly
24983,normal
6589,normal
22938,normal
5638,normal
11789,normal
11493,normal
138,anomaly
19474,normal
13144,normal
22035,normal
11708,normal
20949,normal
18901,anomaly
16687,anomaly
3558,normal
14481,normal
14542,normal
1093,anomaly
5159,normal
8014,normal
18768,anomaly
9852,anomaly
18624,anomaly
688,anomaly
1166,anomaly
3005,anomaly
16527,anomaly
3148,anomaly
5984,normal
4513,normal
8702,normal
1056,normal
11447,anomaly
7534,normal
1047,normal
17256,anomaly
17450,anomaly
10703,normal
24730,anomaly
11829,normal
233,anomaly
6675,normal
18972,normal
18551,normal
81,anomaly
16043,anomaly
802,normal
18071,normal
15585,normal
8207,normal
20431,anomaly
21712,normal
8759,normal
23468,anomaly
2179,anomaly
4404,anomaly
22154,normal
12496,normal
17432,anomaly
1709,normal
10763,anomaly
105,normal
23114,normal
7477,anomaly
23461,normal
14801,normal
17700,anomaly
5700,anomaly
25182,anomaly
9856,anomaly
22192,anomaly
12786,normal
15794,normal
21831,anomaly
12119,anomaly
14151,normal
8591,normal
1691,normal
12620,anomaly
13652,normal
8800,anomaly
1744,anomaly
9549,anomaly
11910,normal
10343,anomaly
8532,normal
18314,anomaly
6713,normal
8691,normal
24980,normal
16212,anomaly
23693,normal
1850,normal
23742,anomaly
19944,normal
5493,normal
3302,anomaly
13611,anomaly
4352,anomaly
16577,anomaly
13797,normal
10826,anomaly
16359,normal
16066,anomaly
20580,normal
18807,normal
16276,normal
12992,anomaly
7150,anomaly
21743,anomaly
5512,normal
10735,anomaly
6949,normal
9468,anomaly
10359,anomaly
23104,normal
4769,normal
16725,normal
7650,anomaly
7524,anomaly
3401,anomaly
22295,anomaly
15304,normal
577,anomaly
16630,anomaly
21772,normal
6443,normal
10177,normal
24567,anomaly
4200,normal
8103,anomaly
6744,anomaly
9591,normal
2262,anomaly
14974,anomaly
23297,normal
15054,anomaly
9505,normal
22446,normal
805,normal
23805,normal
9141,normal
20218,normal
16349,normal
17481,anomaly
20483,normal
1025,normal
10444,anomaly
11378,anomaly
13265,anomaly
10638,normal
16875,normal
9397,normal
12970,anomaly
21880,anomaly
25190,anomaly
12863,normal
970,normal
16173,normal
18022,normal
30,anomaly
17416,anomaly
10337,anomaly
15904,normal
22546,anomaly
7300,normal
19645,normal
24740,normal
12538,normal
18154,normal
9963,normal
11748,anomaly
5741,normal
5570,anomaly
9191,normal
21713,normal
18602,anomaly
22569,normal
17532,anomaly
2458,normal
19434,normal
2141,anomaly
7442,normal
11457,anomaly
15973,normal
9592,anomaly
6683,anomaly
17,anomaly
17100,anomaly
9577,anomaly
6402,normal
15200,anomaly
12826,anomaly
2892,anomaly
2110,normal
12453,anomaly
20702,normal
22384,anomaly
25026,normal
19798,normal
18750,normal
13065,normal
22770,anomaly
22071,anomaly
6103,normal
14233,normal
8022,normal
13418,normal
6918,normal
1905,normal
14859,anomaly
3363,normal
17830,normal
9167,anomaly
11428,normal
10364,normal
5459,anomaly
12014,normal
18293,normal
8357,anomaly
24300,anomaly
8442,normal
12715,normal
17538,anomaly
6294,anomaly
17701,anomaly
14496,normal
1256,normal
5407,anomaly
9837,normal
9618,anomaly
2893,anomaly
437,normal
15318,normal
10180,anomaly
17787,anomaly
9664,normal
11346,normal
13540,anomaly
9399,anomaly
21740,anomaly
5931,anomaly
8646,normal
10228,anomaly
15807,normal
18592,normal
2433,anomaly
17247,normal
168,normal
19347,anomaly
7099,normal
20923,normal
17275,anomaly
18495,anomaly
16345,anomaly
8602,anomaly
1610,normal
11751,anomaly
5837,anomaly
18446,anomaly
4241,normal
7906,normal
16854,normal
17335,normal
12582,normal
21318,normal
389,normal
23133,normal
2543,anomaly
13809,normal
24857,normal
10415,anomaly
13055,anomaly
9327,anomaly
3831,anomaly
23201,normal
17920,normal
9238,anomaly
24096,anomaly
4846,anomaly
4985,normal
689,anomaly
15505,normal
15896,normal
18891,anomaly
17879,anomaly
23402,anomaly
24540,anomaly
20968,anomaly
3865,anomaly
24158,normal
11100,anomaly
11522,anomaly
21850,anomaly
24613,normal
7574,normal
2164,anomaly
24838,normal
2914,anomaly
22761,anomaly
4878,anomaly
1109,normal
14047,normal
2513,anomaly
23886,anomaly
3416,normal
14205,anomaly
13273,anomaly
22399,anomaly
14872,anomaly
5234,normal
9130,anomaly
18515,normal
18568,normal
16963,anomaly
15724,normal
23768,anomaly
7888,normal
5275,normal
20782,anomaly
20883,anomaly
194,normal
9513,normal
4345,anomaly
10654,normal
5616,anomaly
14591,normal
16048,anomaly
19499,normal
8454,anomaly
14263,anomaly
8398,anomaly
13464,anomaly
10222,normal
1072,anomaly
21813,normal
5552,normal
8430,normal
11441,anomaly
12870,normal
20398,normal
6729,normal
6533,normal
150,anomaly
5990,normal
21173,normal
10558,anomaly
16414,normal
15898,normal
24425,anomaly
7290,anomaly
8417,normal
22320,normal
13104,normal
2573,normal
14807,anomaly
527,normal
17175,normal
4173,normal
19824,anomaly
15564,anomaly
151,normal
24242,normal
17427,anomaly
2710,anomaly
18202,normal
9208,anomaly
24126,normal
17419,anomaly
16847,normal
19754,anomaly
14246,anomaly
2649,normal
4270,anomaly
18387,normal
11744,normal
14474,anomaly
358,anomaly
6145,anomaly
12206,anomaly
367,normal
4029,anomaly
23946,anomaly
7648,normal
17448,normal
8472,normal
20022,normal
21139,anomaly
17639,normal
6362,normal
21972,anomaly
22653,anomaly
20799,anomaly
23091,normal
11304,anomaly
20039,normal
1297,normal
251,normal
2486,normal
4142,normal
8148,anomaly
15082,anomaly
16807,anomaly
20272,normal
22976,anomaly
18725,anomaly
19309,normal
7535,anomaly
18853,normal
19868,normal
14417,anomaly
15354,normal
11892,anomaly
17883,anomaly
15573,normal
1348,anomaly
1986,normal
2976,anomaly
3950,normal
15935,normal
13177,anomaly
20979,normal
9114,normal
9672,anomaly
7714,anomaly
8089,anomaly
2796,anomaly
2652,normal
9895,normal
17702,normal
11375,anomaly
14875,normal
398,anomaly
7947,anomaly
20432,normal
20340,normal
9559,anomaly
17778,anomaly
14569,anomaly
23596,anomaly
9089,anomaly
2648,anomaly
4777,anomaly
18965,normal
7136,normal
15805,normal
16504,normal
3706,normal
24622,anomaly
11201,anomaly
12878,normal
7265,normal
5110,normal
8439,normal
23196,anomaly
2882,normal
79,anomaly
18408,normal
4109,normal
4937,anomaly
23680,anomaly
19722,normal
3105,anomaly
20840,normal
23883,normal
4742,normal
6825,normal
7754,normal
14148,normal
1442,anomaly
15530,normal
5887,normal
19142,normal
10093,anomaly
22784,normal
10536,anomaly
11181,anomaly
867,normal
6992,anomaly
20359,normal
23377,anomaly
23616,normal
11679,anomaly
3719,normal
21503,normal
17340,normal
14667,anomaly
24916,normal
19109,anomaly
10108,normal
16759,normal
103,normal
8032,anomaly
1700,normal
9546,anomaly
7255,anomaly
2884,anomaly
14050,normal
12015,anomaly
17096,normal
11823,anomaly
14900,anomaly
21806,normal
13224,normal
5677,normal
12028,normal
15074,normal
8480,anomaly
15943,normal
3523,anomaly
14444,anomaly
20890,anomaly
11372,normal
24511,anomaly
6215,normal
4434,anomaly
1635,normal
18761,normal
9240,anomaly
1204,normal
23060,normal
17305,anomaly
9529,anomaly
20721,normal
3521,anomaly
321,anomaly
8247,normal
19630,anomaly
278,normal
12649,anomaly
16487,anomaly
6821,anomaly
14064,normal
7254,normal
4090,anomaly
25006,normal
21232,normal
2361,normal
18246,normal
6074,anomaly
12699,anomaly
14577,normal
6059,normal
19579,normal
10670,anomaly
196,normal
2961,normal
3476,normal
228,normal
24076,anomaly
12834,anomaly
17840,anomaly
15921,anomaly
21002,normal
11506,anomaly
7128,anomaly
24587,normal
7867,normal
18737,anomaly
1082,normal
15968,anomaly
9604,anomaly
11869,normal
3294,normal
17853,normal
18728,anomaly
20117,normal
15035,normal
11141,normal
18868,normal
9673,normal
12082,normal
10165,anomaly
35,normal
10073,anomaly
18601,anomaly
9898,anomaly
9854,anomaly
23262,anomaly
15458,anomaly
7749,anomaly
12114,anomaly
22843,normal
12778,anomaly
2132,normal
10862,anomaly
14649,anomaly
10549,anomaly
4093,normal
17045,normal
4536,normal
24531,anomaly
14976,normal
9567,anomaly
23661,normal
10636,normal
15995,normal
13437,normal
5364,anomaly
16018,normal
7580,anomaly
21889,normal
14238,normal
2780,normal
11283,normal
2887,normal
18574,normal
504,normal
13286,normal
9879,anomaly
20801,anomaly
15773,anomaly
23270,normal
19454,normal
292,anomaly
19279,anomaly
6060,anomaly
15758,normal
24013,normal
19066,anomaly
20884,normal
1943,anomaly
2442,anomaly
76,anomaly
24335,normal
17509,normal
21829,normal
18779,normal
16191,anomaly
23037,anomaly
18010,anomaly
18447,anomaly
9101,normal
23022,normal
21294,anomaly
5712,normal
19440,normal
9843,anomaly
17885,normal
20649,anomaly
11454,normal
23143,anomaly
8725,anomaly
24421,anomaly
9020,normal
6373,anomaly
1636,normal
18711,anomaly
1198,anomaly
8855,anomaly
6654,normal
20574,anomaly
2088,anomaly
7234,anomaly
9403,anomaly
25163,anomaly
963,anomaly
15674,normal
15913,anomaly
16583,normal
18746,normal
20490,normal
13474,normal
21044,anomaly
17268,anomaly
9494,normal
2070,anomaly
15242,anomaly
12866,normal
14927,anomaly
1492,normal
22496,anomaly
10989,anomaly
12774,normal
16706,normal
23651,anomaly
12306,normal
20453,normal
23993,normal
8070,anomaly
21367,normal
17292,normal
632,normal
4756,normal
8826,normal
13263,anomaly
12018,normal
20776,normal
5047,normal
15541,normal
8516,normal
21714,anomaly
6160,anomaly
17407,normal
14484,anomaly
20599,normal
3651,anomaly
3514,normal
6951,normal
21132,normal
273,normal
9525,normal
21404,anomaly
21339,anomaly
4002,normal
18032,normal
11966,anomaly
16136,normal
18394,normal
17741,normal
7916,anomaly
14076,anomaly
18169,normal
20232,normal
15699,normal
17218,normal
22835,anomaly
3072,normal
25015,normal
21092,anomaly
16894,normal
4050,anomaly
20830,anomaly
24945,normal
18591,anomaly
3400,anomaly
6560,normal
6447,anomaly
17376,normal
21769,normal
17567,anomaly
17136,anomaly
15546,anomaly
19733,normal
16935,anomaly
22214,normal
24309,normal
14457,normal
16785,anomaly
10691,normal
16388,anomaly
10435,anomaly
5597,anomaly
6854,normal
18218,anomaly
9306,anomaly
24902,normal
699,normal
19678,anomaly
19632,anomaly
15323,anomaly
24501,anomaly
2506,normal
15828,normal
12133,normal
21377,anomaly
23137,normal
20735,normal
12073,normal
16009,normal
15950,anomaly
7459,anomaly
7139,anomaly
12806,anomaly
3927,anomaly
19652,anomaly
14224,normal
21760,anomaly
3205,normal
774,normal
7284,anomaly
19906,anomaly
25129,normal
16672,normal
7313,normal
19980,anomaly
8110,anomaly
24324,anomaly
7756,normal
12553,anomaly
19826,normal
4034,normal
9367,anomaly
10069,anomaly
22523,normal
5665,anomaly
1457,anomaly
9713,normal
13016,anomaly
20798,normal
12345,normal
3791,anomaly
22965,normal
12391,anomaly
11359,anomaly
3748,normal
13387,anomaly
8665,normal
23975,normal
6855,anomaly
20092,anomaly
3678,normal
1545,normal
6771,anomaly
5350,anomaly
2217,normal
20344,normal
22817,normal
4456,normal
19035,anomaly
6911,normal
10053,normal
4863,normal
9300,anomaly
23491,normal
21724,anomaly
12371,normal
21641,normal
17948,anomaly
15027,normal
5221,normal
19164,anomaly
22908,normal
19562,normal
19132,normal
20004,anomaly
21050,normal
23226,anomaly
8320,anomaly
13491,anomaly
2666,normal
541,anomaly
6679,anomaly
13138,anomaly
7839,anomaly
778,anomaly
16840,normal
24951,normal
3545,normal
13018,normal
1463,normal
19469,normal
11697,anomaly
9536,normal
22300,normal
16721,normal
5985,anomaly
6919,normal
9957,anomaly
9636,normal
380,normal
13433,normal
8289,normal
10993,normal
13749,normal
84,normal
8887,anomaly
19393,anomaly
11582,normal
11820,normal
6984,anomaly
418,anomaly
17487,normal
19657,anomaly
8797,anomaly
7108,anomaly
24318,normal
2239,normal
13066,anomaly
11515,normal
2244,anomaly
13965,normal
21432,normal
18578,normal
14880,anomaly
9711,anomaly
22760,anomaly
14530,anomaly
2013,anomaly
4978,anomaly
11846,normal
22426,normal
12777,anomaly
15799,anomaly
10361,anomaly
8266,normal
3201,normal
11007,anomaly
13136,normal
10367,normal
844,anomaly
11541,anomaly
14781,anomaly
3281,normal
3941,normal
1126,normal
23048,anomaly
6667,anomaly
14169,normal
16634,anomaly
2042,normal
2689,normal
1205,normal
14535,normal
1627,normal
14032,anomaly
4525,normal
3758,anomaly
12048,anomaly
5973,anomaly
20098,normal
17303,normal
10870,anomaly
11712,normal
21655,normal
18686,normal
21799,anomaly
9851,normal
24195,normal
12021,anomaly
7373,normal
15989,normal
21496,normal
9301,anomaly
3468,normal
3656,normal
24229,anomaly
6385,normal
24280,normal
14963,normal
17901,normal
8545,normal
9422,anomaly
8751,normal
12231,anomaly
5781,anomaly
3923,normal
17466,normal
3990,anomaly
23569,anomaly
798,anomaly
23287,anomaly
1674,normal
13787,anomaly
10313,anomaly
16346,anomaly
212,anomaly
22031,anomaly
21701,normal
8680,normal
6520,normal
5983,normal
11080,anomaly
9452,normal
21604,anomaly
7685,anomaly
5354,normal
15179,normal
214,anomaly
14860,normal
7710,anomaly
2447,anomaly
1045,anomaly
1196,normal
15388,normal
4246,normal
15510,normal
2542,anomaly
11701,normal
21291,normal
9759,normal
17120,normal
9729,anomaly
13355,normal
21650,normal
19878,anomaly
21102,anomaly
21988,anomaly
8951,anomaly
24491,anomaly
16960,normal
16734,normal
13856,normal
22679,normal
7665,normal
19314,normal
1718,anomaly
20659,normal
23469,normal
10063,anomaly
1685,normal
3039,anomaly
10533,normal
5582,anomaly
4741,anomaly
7169,normal
2727,normal
2112,normal
13668,anomaly
6370,normal
5210,anomaly
20355,normal
21948,anomaly
5386,normal
17302,normal
23494,anomaly
16011,normal
15483,normal
1747,normal
11584,anomaly
10802,anomaly
17393,normal
9653,normal
13339,anomaly
17690,normal
23912,anomaly
10957,anomaly
17650,normal
16961,normal
4461,normal
15686,normal
10990,normal
22871,normal
4069,normal
22555,anomaly
16848,normal
4216,normal
8158,anomaly
17084,normal
22158,anomaly
6982,normal
3095,normal
15468,anomaly
18121,anomaly
20825,normal
6092,normal
948,anomaly
3240,anomaly
12841,anomaly
20161,normal
5750,anomaly
11339,normal
3753,normal
1924,anomaly
22700,normal
8919,anomaly
18657,normal
15000,anomaly
15804,normal
18407,normal
20369,normal
7499,normal
2008,normal
11645,normal
10133,normal
6693,anomaly
15475,normal
21178,anomaly
17238,anomaly
15178,anomaly
7168,anomaly
15999,anomaly
8044,anomaly
20063,normal
8554,normal
11121,anomaly
11614,normal
14356,normal
4950,normal
6652,normal
14108,anomaly
9055,normal
2552,anomaly
979,normal
396,anomaly
1881,normal
9246,anomaly
3660,normal
1873,anomaly
8310,anomaly
7829,normal
16930,normal
16551,normal
5427,normal
16745,normal
15332,normal
3282,anomaly
21531,anomaly
515,normal
22952,normal
5185,normal
8831,normal
9013,anomaly
8414,anomaly
9115,anomaly
9198,normal
17228,normal
1290,normal
23847,anomaly
22381,normal
8584,anomaly
19336,anomaly
1741,anomaly
18497,normal
1589,normal
14664,anomaly
6774,normal
21399,normal
16469,normal
14888,normal
9552,anomaly
447,anomaly
10786,anomaly
10422,anomaly
337,normal
2434,anomaly
17255,anomaly
22120,anomaly
19847,anomaly
5588,normal
23220,normal
22011,normal
7868,normal
13836,normal
8563,normal
23391,anomaly
13021,anomaly
19027,normal
4180,anomaly
14524,normal
4778,normal
7569,anomaly
17361,normal
3339,normal
20488,normal
2169,normal
5941,anomaly
14412,anomaly
15734,anomaly
14091,normal
23087,normal
8364,normal
5802,normal
5004,normal
7972,normal
39,anomaly
13317,normal
2308,normal
21823,anomaly
19332,normal
19236,normal
18072,normal
8195,normal
21824,normal
6133,normal
23448,anomaly
4584,normal
580,normal
15759,anomaly
8253,anomaly
2747,normal
8931,normal
487,anomaly
19883,anomaly
10057,normal
9259,anomaly
7797,normal
24438,normal
11213,anomaly
12518,normal
15835,normal
4506,normal
18236,normal
11690,normal
14767,normal
8213,normal
13982,normal
1500,normal
22814,anomaly
15543,normal
9804,normal
866,normal
17843,normal
21204,anomaly
2758,normal
8985,normal
13461,anomaly
16825,anomaly
9395,normal
23530,normal
6758,anomaly
18652,normal
20508,normal
10373,normal
22995,anomaly
23477,anomaly
3019,normal
13936,anomaly
13773,normal
16420,normal
4239,anomaly
1591,normal
7248,normal
8172,normal
22208,normal
2687,normal
2224,normal
19022,normal
6286,normal
10696,normal
15655,normal
18065,normal
21438,anomaly
6148,anomaly
23390,normal
8825,normal
17627,normal
8452,normal
24485,normal
10919,anomaly
22189,normal
15701,anomaly
3396,anomaly
5465,anomaly
1914,normal
12788,anomaly
7691,normal
21292,anomaly
22039,normal
25135,normal
23611,anomaly
23302,anomaly
3316,normal
4818,normal
4177,normal
5783,normal
20827,anomaly
12203,anomaly
5160,normal
22795,normal
9647,anomaly
19570,anomaly
1716,anomaly
12449,anomaly
3423,anomaly
22557,anomaly
19491,anomaly
14039,anomaly
21685,normal
1151,anomaly
12274,anomaly
17486,anomaly
6142,anomaly
3265,normal
10213,anomaly
24168,normal
10132,normal
21516,anomaly
6974,anomaly
605,anomaly
916,anomaly
11878,anomaly
20426,anomaly
5776,normal
23097,anomaly
12024,normal
17348,normal
23028,anomaly
19760,normal
23376,normal
1602,anomaly
14862,anomaly
23999,normal
2348,anomaly
7517,normal
7770,anomaly
19724,anomaly
6572,normal
4391,anomaly
6908,anomaly
13148,anomaly
3811,normal
17317,normal
2870,normal
176,normal
12587,normal
2651,normal
11760,normal
5846,anomaly
5835,normal
634,anomaly
5381,anomaly
14600,normal
25107,anomaly
6395,normal
22435,normal
13838,anomaly
2236,normal
17026,anomaly
18550,normal
10581,anomaly
23317,anomaly
2987,anomaly
4000,anomaly
11366,anomaly
21424,anomaly
15682,anomaly
310,anomaly
1931,anomaly
4945,anomaly
16499,anomaly
21652,anomaly
1642,normal
4699,anomaly
11145,normal
19604,normal
3998,anomaly
3366,normal
15326,normal
14299,normal
23088,normal
12630,anomaly
220,normal
5211,normal
4053,anomaly
23864,anomaly
7604,normal
22395,anomaly
13335,normal
5451,normal
258,anomaly
9640,normal
14808,normal
10210,anomaly
10302,normal
16457,anomaly
8818,anomaly
21613,normal
6519,normal
21862,normal
4473,normal
25072,normal
11318,normal
639,normal
2638,anomaly
15579,normal
3069,anomaly
8969,normal
24215,anomaly
8667,anomaly
17994,anomaly
12399,anomaly
3566,normal
8229,normal
21497,anomaly
5567,anomaly
1382,anomaly
13111,normal
21978,anomaly
7986,normal
16013,anomaly
18516,normal
11849,normal
13241,normal
3929,anomaly
23284,anomaly
18820,anomaly
152,anomaly
15563,anomaly
9091,normal
10200,normal
12045,normal
20441,anomaly
8337,normal
20774,normal
3504,anomaly
7342,normal
6795,normal
14410,normal
18431,anomaly
24807,anomaly
24610,normal
5932,normal
9062,normal
9658,normal
17782,normal
11841,normal
9812,normal
13955,normal
911,anomaly
15241,anomaly
1320,anomaly
21873,anomaly
13481,anomaly
6640,anomaly
23906,normal
3062,normal
18995,anomaly
21932,normal
12474,normal
16163,anomaly
962,normal
23289,normal
5967,normal
14654,normal
3014,anomaly
23282,normal
23200,anomaly
729,normal
17501,normal
22946,anomaly
15444,anomaly
19830,normal
9358,anomaly
13902,anomaly
24935,anomaly
16901,anomaly
11538,normal
5394,normal
11369,anomaly
5278,normal
21936,anomaly
22486,anomaly
7613,normal
8348,anomaly
15415,anomaly
6437,anomaly
807,anomaly
13429,anomaly
2247,anomaly
1712,normal
23663,normal
10460,normal
10365,normal
18923,anomaly
23216,normal
8248,normal
8003,normal
14866,normal
18623,normal
15865,normal
20505,normal
3017,normal
17991,normal
13851,normal
16131,anomaly
19369,normal
13256,normal
13645,normal
17193,normal
24186,anomaly
13417,normal
16245,anomaly
16022,normal
18304,normal
249,normal
16129,normal
12980,anomaly
12196,anomaly
9112,normal
3589,anomaly
12681,anomaly
21707,anomaly
12061,anomaly
22339,anomaly
5499,normal
495,anomaly
9028,normal
2813,normal
13269,normal
2751,anomaly
15231,normal
7429,normal
20033,anomaly
12818,normal
6364,normal
15657,normal
7368,anomaly
11409,anomaly
3891,anomaly
18588,normal
15824,anomaly
20922,anomaly
22360,normal
7508,anomaly
10390,anomaly
3489,normal
595,anomaly
1202,anomaly
21854,normal
12325,normal
20903,anomaly
10682,anomaly
12659,anomaly
6979,normal
18126,anomaly
9127,anomaly
16370,anomaly
23320,anomaly
13188,normal
2440,normal
3964,normal
1662,normal
20753,normal
19452,normal
8499,anomaly
24634,normal
2200,normal
6543,normal
6253,normal
17284,normal
9166,normal
242,anomaly
1159,anomaly
23355,normal
11822,anomaly
22765,anomaly
20329,anomaly
9328,normal
13971,normal
3602,anomaly
896,anomaly
19317,normal
2674,normal
16426,normal
19128,anomaly
20069,normal
15621,anomaly
18937,normal
7474,normal
13413,anomaly
17158,anomaly
22941,anomaly
4924,normal
4726,normal
15977,normal
16006,anomaly
565,anomaly
832,anomaly
16097,anomaly
22838,normal
8363,normal
21210,anomaly
862,normal
15687,anomaly
2704,anomaly
2419,anomaly
21680,normal
13181,normal
19318,normal
21120,anomaly
10905,anomaly
22118,normal
12797,anomaly
23566,anomaly
22917,normal
3488,anomaly
10428,anomaly
6147,normal
16904,anomaly
8155,normal
1804,normal
6017,anomaly
5872,normal
7245,normal
5446,anomaly
19095,normal
17566,normal
3938,normal
929,anomaly
18464,anomaly
19498,anomaly
7506,normal
10158,normal
21919,normal
20991,anomaly
23692,anomaly
20789,normal
2851,anomaly
13855,anomaly
19870,anomaly
148,anomaly
19330,normal
3527,normal
12083,normal
11969,anomaly
8780,normal
3459,anomaly
11553,anomaly
2047,normal
3982,normal
9200,normal
3434,anomaly
8810,anomaly
2418,normal
24454,normal
13728,normal
4280,anomaly
12927,anomaly
7337,normal
23310,normal
16184,normal
21245,normal
24477,normal
14570,normal
24600,normal
10266,normal
4032,anomaly
17519,anomaly
4474,normal
23782,anomaly
18569,anomaly
14386,anomaly
13950,normal
3833,anomaly
15403,anomaly
5492,normal
14109,anomaly
10111,normal
10938,normal
22024,normal
14499,normal
6376,normal
12179,normal
1157,anomaly
17141,normal
5589,normal
13446,anomaly
16782,anomaly
2136,anomaly
13203,normal
21103,normal
12457,anomaly
526,anomaly
17105,anomaly
16072,normal
11364,anomaly
4962,normal
19266,anomaly
14019,normal
9764,anomaly
22054,normal
19695,anomaly
23482,normal
24232,anomaly
6478,anomaly
14800,normal
122,anomaly
15135,normal
12911,normal
15713,normal
19381,normal
7153,anomaly
9490,normal
20517,normal
23786,anomaly
3260,normal
22747,anomaly
2389,anomaly
14083,normal
4834,normal
3794,anomaly
2563,normal
8996,anomaly
14642,normal
17357,anomaly
2037,normal
6877,anomaly
17428,normal
24847,normal
6897,normal
5038,anomaly
5612,normal
24061,normal
22787,anomaly
18000,anomaly
21319,anomaly
7519,normal
24128,anomaly
14392,anomaly
23702,anomaly
1728,normal
24946,anomaly
14124,normal
23094,normal
5784,anomaly
3757,normal
17729,anomaly
19887,normal
16789,anomaly
22560,normal
1971,normal
20452,anomaly
2960,normal
22730,normal
2296,anomaly
16079,anomaly
15238,normal
24065,normal
10144,normal
13324,anomaly
24456,normal
19616,normal
16192,normal
8023,anomaly
10517,anomaly
20957,anomaly
17414,normal
9698,normal
22227,normal
23259,normal
6616,normal
6783,normal
19192,normal
8001,normal
18715,normal
3273,normal
13784,anomaly
231,normal
2786,anomaly
5400,normal
24189,normal
15028,normal
10028,normal
23535,anomaly
12979,anomaly
13746,anomaly
243,anomaly
14429,anomaly
15653,anomaly
15506,anomaly
10967,normal
5368,normal
22503,anomaly
16264,normal
1923,normal
4599,normal
620,normal
22505,normal
2273,anomaly
9152,anomaly
24527,normal
11319,anomaly
7027,anomaly
6134,normal
5023,anomaly
23690,normal
5925,normal
14483,normal
3818,anomaly
16752,normal
7307,anomaly
11914,anomaly
24118,normal
1369,normal
4935,normal
24329,anomaly
20631,normal
17200,normal
17952,normal
15355,normal
13637,anomaly
20208,anomaly
8359,normal
7941,normal
8495,anomaly
17215,normal
22394,normal
24345,anomaly
13863,normal
8249,anomaly
6041,anomaly
3486,anomaly
5209,normal
8011,normal
3371,anomaly
13358,normal
23861,anomaly
8428,anomaly
21190,normal
7274,anomaly
21570,anomaly
16724,normal
3144,normal
9583,normal
19290,normal
20754,normal
2757,normal
9961,anomaly
16846,anomaly
17435,normal
16795,normal
18473,anomaly
4500,anomaly
11178,normal
538,anomaly
16418,normal
22124,normal
10045,normal
10474,anomaly
16051,anomaly
2032,anomaly
9575,anomaly
15023,normal
5449,normal
23943,anomaly
13923,normal
3492,anomaly
4232,anomaly
21095,normal
5232,normal
11765,normal
13516,anomaly
22664,normal
379,anomaly
19997,normal
3643,anomaly
17002,normal
13226,normal
15099,normal
4191,anomaly
23198,normal
8842,normal
3935,anomaly
15344,normal
1580,normal
7271,normal
13762,normal
16661,anomaly
3377,normal
12533,anomaly
14286,anomaly
22263,normal
2359,anomaly
24261,anomaly
21077,normal
18899,normal
13794,anomaly
4423,anomaly
12952,normal
14816,normal
290,normal
4953,normal
23148,normal
8322,normal
6327,anomaly
12377,anomaly
14063,anomaly
2126,anomaly
24601,anomaly
5919,normal
20680,normal
10240,normal
16179,normal
2846,anomaly
23949,normal
2668,normal
9814,normal
22026,anomaly
354,anomaly
9661,normal
19466,normal
10214,anomaly
21571,normal
4012,normal
18046,anomaly
22630,normal
897,anomaly
23249,anomaly
20634,normal
14779,normal
15527,normal
16587,normal
17235,normal
22059,normal
10578,normal
17080,normal
24305,anomaly
7520,anomaly
18292,anomaly
22697,anomaly
10018,anomaly
363,normal
22364,normal
23329,anomaly
21549,normal
10430,anomaly
12233,normal
2664,anomaly
16556,anomaly
7183,anomaly
13806,normal
22116,anomaly
18185,normal
15683,normal
2444,normal
12301,normal
11865,anomaly
11246,normal
7718,anomaly
21553,normal
13594,normal
23225,normal
23964,normal
16337,normal
4753,normal
8978,anomaly
12335,normal
19202,anomaly
23908,anomaly
707,normal
18422,anomaly
16511,anomaly
10643,normal
14509,normal
21784,anomaly
17452,normal
18693,normal
20862,normal
8461,normal
21804,normal
22044,anomaly
7213,anomaly
16839,anomaly
12815,anomaly
11310,normal
8528,normal
18885,anomaly
8828,normal
23698,anomaly
188,normal
10183,normal
16296,anomaly
9304,anomaly
12472,normal
9125,anomaly
15892,normal
16310,normal
2019,anomaly
24192,normal
15123,anomaly
18726,anomaly
12997,anomaly
24092,anomaly
21072,anomaly
2041,anomaly
5074,anomaly
1209,anomaly
9573,anomaly
15879,normal
4430,normal
18075,normal
5643,normal
5899,normal
5536,anomaly
24750,anomaly
14762,anomaly
10911,anomaly
15341,anomaly
14581,normal
6475,anomaly
3244,anomaly
11650,normal
10376,normal
7696,anomaly
4816,normal
5581,normal
9735,anomaly
5193,anomaly
21271,anomaly
5822,anomaly
13687,anomaly
2199,anomaly
24644,anomaly
6251,anomaly
22467,anomaly
17605,normal
13009,normal
6961,normal
17451,normal
16206,anomaly
17568,anomaly
5483,anomaly
20101,anomaly
16953,normal
5601,normal
12958,anomaly
5324,normal
5509,normal
1398,anomaly
3838,normal
1975,normal
14168,anomaly
20752,normal
2656,normal
14712,normal
8848,normal
22728,anomaly
20864,normal
17331,normal
25007,anomaly
17392,anomaly
25066,normal
9176,anomaly
19220,normal
2429,normal
9585,anomaly
1353,anomaly
20655,normal
23741,anomaly
11953,normal
6026,anomaly
23207,normal
5356,anomaly
2863,anomaly
566,normal
14005,anomaly
4008,normal
16297,anomaly
4575,normal
1309,anomaly
269,anomaly
8637,normal
5408,anomaly
13154,anomaly
22740,anomaly
4179,anomaly
12074,anomaly
18469,anomaly
13180,anomaly
5001,normal
604,normal
17475,anomaly
3133,normal
8501,normal
6062,normal
9986,normal
7490,anomaly
19148,normal
2980,normal
22563,normal
11049,anomaly
12883,normal
10637,anomaly
4086,anomaly
7644,anomaly
17859,anomaly
9077,anomaly
8999,normal
23420,anomaly
10988,normal
17198,normal
24618,anomaly
16222,normal
17124,normal
4563,anomaly
13126,anomaly
18851,anomaly
3277,anomaly
23253,anomaly
8380,anomaly
4160,normal
23902,anomaly
24125,normal
13506,anomaly
17283,anomaly
13128,normal
7623,anomaly
22350,anomaly
22939,normal
17377,normal
9236,anomaly
4455,normal
16037,anomaly
10084,normal
19708,normal
2941,anomaly
1062,anomaly
20438,normal
12915,anomaly
19963,normal
5667,normal
3973,anomaly
23490,anomaly
7565,normal
19384,anomaly
22470,normal
7352,anomaly
2206,normal
21668,anomaly
23789,normal
8475,anomaly
24276,normal
15470,anomaly
14601,normal
23968,normal
5864,anomaly
5614,anomaly
16283,normal
3774,normal
2050,normal
18613,anomaly
15927,normal
13069,normal
1878,anomaly
8350,normal
5791,anomaly
15960,anomaly
20879,normal
15537,anomaly
7794,anomaly
6775,normal
13804,anomaly
22633,anomaly
4906,normal
17832,anomaly
17241,normal
4896,normal
13899,normal
18357,normal
1641,anomaly
23209,normal
18045,anomaly
7173,anomaly
24069,normal
6213,normal
7852,anomaly
21939,anomaly
9250,normal
5172,normal
1195,anomaly
1031,normal
19763,normal
17424,normal
22462,anomaly
15519,normal
15533,anomaly
1079,normal
21766,normal
16689,normal
5958,normal
17187,normal
1659,anomaly
23190,normal
24804,normal
2024,normal
18577,anomaly
10285,anomaly
19289,normal
16492,anomaly
11155,normal
15173,anomaly
22329,normal
9738,normal
12410,normal
16368,anomaly
23129,normal
548,normal
4524,anomaly
12155,normal
23994,anomaly
22477,anomaly
16663,anomaly
11588,normal
16943,anomaly
23948,normal
10936,anomaly
6400,anomaly
14465,anomaly
11619,anomaly
570,anomaly
12066,anomaly
14739,anomaly
21402,anomaly
4114,anomaly
20640,normal
3599,normal
24663,anomaly
8895,anomaly
11991,normal
3272,normal
15992,anomaly
12035,normal
22964,normal
23139,normal
24482,anomaly
8513,anomaly
10769,normal
11629,anomaly
22443,normal
7805,anomaly
6023,anomaly
1089,anomaly
19156,anomaly
14745,normal
13266,normal
21913,anomaly
8506,normal
3601,normal
1515,normal
7995,normal
4271,anomaly
723,normal
15255,normal
21008,anomaly
23156,normal
11309,anomaly
5869,normal
18283,normal
12210,anomaly
15979,anomaly
21986,normal
5266,normal
4815,anomaly
4075,normal
19627,anomaly
16282,normal
13690,normal
22755,normal
24536,anomaly
14411,normal
7279,normal
3934,normal
5922,normal
17824,normal
18465,anomaly
14491,normal
24832,anomaly
17128,normal
1395,anomaly
11947,normal
17355,normal
10308,anomaly
17880,anomaly
2276,anomaly
6084,anomaly
22847,anomaly
22356,anomaly
2932,normal
15230,anomaly
15940,anomaly
21749,normal
24233,anomaly
3866,anomaly
4830,normal
230,normal
4400,anomaly
559,anomaly
12667,normal
9747,normal
6924,anomaly
9751,normal
24563,anomaly
24737,anomaly
4262,anomaly
3362,normal
21237,anomaly
9538,normal
5020,normal
4748,anomaly
5888,anomaly
5298,anomaly
22216,normal
19707,normal
1693,anomaly
2578,normal
16609,anomaly
16868,anomaly
24368,normal
20105,normal
19495,anomaly
4627,normal
23128,normal
20592,anomaly
435,normal
33,anomaly
25103,normal
2128,normal
14897,normal
7056,normal
11,anomaly
23839,normal
12232,normal
4344,normal
22147,anomaly
6459,anomaly
23079,normal
23278,anomaly
13599,anomaly
13345,normal
1842,normal
16044,normal
20310,anomaly
2450,normal
13036,normal
16812,normal
20652,normal
3789,normal
1754,normal
16640,anomaly
1543,anomaly
551,anomaly
19910,normal
8152,anomaly
17094,anomaly
20373,normal
19699,normal
18181,anomaly
449,normal
12827,anomaly
4683,anomaly
3636,normal
17984,normal
17391,anomaly
13040,anomaly
16856,anomaly
18012,normal
3936,anomaly
5314,anomaly
12574,normal
1679,normal
3369,normal
8061,normal
3378,normal
18160,anomaly
2568,anomaly
3981,normal
10961,normal
821,normal
12895,anomaly
23045,normal
1906,normal
18512,anomaly
3733,normal
21322,normal
23070,anomaly
20858,normal
11269,normal
641,normal
18037,normal
24469,anomaly
21999,anomaly
20332,normal
14594,normal
1017,normal
6236,normal
3816,anomaly
19357,normal
1053,normal
12031,normal
11859,anomaly
15648,normal
7601,normal
15243,anomaly
2928,anomaly
17333,normal
9211,anomaly
23904,normal
6985,normal
6880,normal
8390,anomaly
5216,normal
17464,normal
25085,normal
15091,anomaly
15858,normal
94,anomaly
22321,anomaly
10488,anomaly
15253,anomaly
3796,anomaly
5551,normal
10338,anomaly
14460,anomaly
19206,anomaly
879,normal
7353,normal
16339,normal
943,normal
12601,normal
6857,anomaly
946,anomaly
20931,normal
14290,normal
13894,normal
3832,normal
71,anomaly
9470,normal
24510,normal
11577,anomaly
8053,anomaly
1798,anomaly
2491,normal
23922,anomaly
3320,anomaly
3226,normal
10794,normal
20745,anomaly
4811,normal
909,anomaly
2347,normal
10864,anomaly
22605,normal
22922,anomaly
23199,normal
21030,normal
15086,normal
6632,anomaly
12523,normal
4127,anomaly
6071,anomaly
14925,normal
11479,normal
7338,normal
23276,anomaly
23614,anomaly
3141,anomaly
19371,anomaly
5557,anomaly
1232,anomaly
1549,anomaly
10774,anomaly
626,anomaly
21726,anomaly
3064,normal
22607,anomaly
14454,normal
1449,normal
4891,anomaly
3128,anomaly
12337,anomaly
13655,anomaly
15089,anomaly
3859,normal
5305,anomaly
14929,normal
14266,normal
21866,normal
3249,normal
16275,normal
19450,anomaly
8409,normal
10723,normal
9064,normal
18748,normal
1875,normal
1558,normal
5093,normal
18423,normal
13166,anomaly
8438,normal
8060,anomaly
10664,normal
8648,anomaly
8904,anomaly
11016,normal
3829,normal
19413,normal
20423,anomaly
3604,normal
11458,anomaly
6408,normal
18162,anomaly
23626,normal
17234,anomaly
8639,anomaly
13844,anomaly
14898,normal
19668,normal
19639,normal
5026,normal
18749,normal
6517,anomaly
13039,anomaly
3262,normal
18147,anomaly
6252,anomaly
20048,normal
11630,normal
8683,normal
3278,normal
10304,normal
11992,anomaly
23439,normal
15071,normal
10461,normal
17024,anomaly
1604,normal
4646,anomaly
6770,normal
12334,anomaly
19283,anomaly
10260,anomaly
1225,anomaly
17285,normal
2439,normal
23162,anomaly
18323,normal
13763,anomaly
24461,normal
25063,anomaly
15887,normal
9188,normal
3971,normal
14894,anomaly
14731,anomaly
11253,anomaly
7624,anomaly
19355,anomaly
25012,anomaly
21336,normal
24444,anomaly
13571,anomaly
24293,anomaly
13470,normal
25010,normal
24238,anomaly
7615,normal
1574,normal
13740,anomaly
7335,normal
10192,normal
15478,anomaly
4038,normal
9865,normal
6212,normal
14638,anomaly
12343,anomaly
18503,normal
23153,anomaly
16763,anomaly
24211,anomaly
11851,normal
1934,normal
6250,anomaly
21130,anomaly
4761,normal
20212,anomaly
15646,normal
9627,anomaly
20850,anomaly
11946,normal
13704,anomaly
13298,normal
19287,anomaly
13975,normal
15418,normal
3886,anomaly
15714,normal
9823,normal
21199,anomaly
7603,anomaly
13674,normal
18704,normal
21346,anomaly
8633,anomaly
4981,normal
15536,anomaly
9944,normal
271,anomaly
18961,normal
21170,anomaly
19126,anomaly
10504,normal
1189,normal
22363,normal
8085,normal
1063,normal
21228,normal
19501,normal
12291,anomaly
13496,normal
19159,normal
4574,anomaly
23074,normal
17157,normal
24651,normal
21495,anomaly
15267,normal
23937,anomaly
9262,anomaly
5618,anomaly
24479,anomaly
11937,anomaly
6653,anomaly
12513,normal
20880,anomaly
16340,normal
4740,normal
14389,anomaly
18414,normal
6368,anomaly
8154,anomaly
4718,anomaly
7768,normal
6571,normal
14550,normal
13853,normal
3447,normal
14213,normal
23928,anomaly
6388,anomaly
8356,normal
5248,normal
312,anomaly
2937,anomaly
6730,anomaly
17082,anomaly
1468,anomaly
12088,normal
3764,normal
12185,normal
20225,anomaly
16095,anomaly
6307,anomaly
20542,normal
9439,normal
25065,normal
24650,normal
6372,anomaly
20613,anomaly
17232,normal
21435,normal
3149,normal
14632,anomaly
9694,normal
686,normal
12540,anomaly
11623,anomaly
18914,anomaly
5134,normal
19376,normal
1646,anomaly
20246,anomaly
6349,normal
23375,anomaly
24005,anomaly
13544,normal
2806,normal
12907,anomaly
1830,normal
5496,normal
20314,normal
18862,normal
11848,normal
5170,anomaly
20217,normal
19031,normal
3402,normal
7109,anomaly
17552,anomaly
20619,normal
5123,anomaly
6065,normal
684,normal
22906,normal
24784,anomaly
19463,normal
5315,anomaly
17006,normal
10668,normal
6211,normal
12982,anomaly
22626,anomaly
22429,anomaly
16594,anomaly
9556,anomaly
12264,normal
12525,normal
5890,normal
19524,normal
15688,normal
14789,anomaly
14010,anomaly
15290,normal
19727,anomaly
20176,anomaly
833,normal
1130,normal
3659,normal
12567,normal
5249,normal
22778,normal
24382,anomaly
14226,anomaly
3594,anomaly
15966,normal
4504,anomaly
18766,normal
749,normal
24081,anomaly
15052,normal
24786,normal
23804,anomaly
9090,normal
5204,normal
11578,normal
4355,anomaly
326,normal
10179,normal
1276,normal
8519,anomaly
19574,normal
12303,normal
3740,anomaly
5659,anomaly
18848,anomaly
8371,normal
23056,anomaly
11778,anomaly
17715,normal
18388,anomaly
12111,normal
15150,anomaly
17349,normal
4223,anomaly
18379,anomaly
16106,anomaly
23424,anomaly
8131,anomaly
19646,anomaly
11279,normal
16727,anomaly
5809,anomaly
5950,normal
12512,anomaly
590,normal
17935,normal
4877,normal
16400,normal
4417,normal
23068,normal
21758,anomaly
17987,anomaly
15256,normal
10888,normal
1972,normal
5343,normal
20677,anomaly
18837,anomaly
7314,anomaly
16361,normal
18843,anomaly
4291,anomaly
8544,normal
13134,anomaly
14003,anomaly
21128,normal
18301,anomaly
21909,normal
1469,normal
2300,normal
1981,normal
11010,anomaly
11291,normal
16286,anomaly
5770,anomaly
15169,normal
11334,normal
20450,anomaly
3487,normal
3568,normal
15666,anomaly
2376,normal
8127,anomaly
2565,normal
8462,anomaly
10261,normal
5357,anomaly
1512,anomaly
8033,anomaly
22168,normal
14371,normal
19783,normal
24181,anomaly
6688,normal
16468,anomaly
24958,normal
15920,anomaly
240,normal
13634,anomaly
17646,anomaly
4244,anomaly
13351,normal
15837,anomaly
24402,anomaly
16024,anomaly
16435,normal
3188,normal
18540,anomaly
16784,anomaly
9381,anomaly
19529,anomaly
16637,anomaly
19404,anomaly
4712,anomaly
18317,normal
4224,anomaly
10928,normal
14852,anomaly
19163,anomaly
936,normal
3143,normal
10175,anomaly
19607,anomaly
16207,normal
11622,normal
2921,normal
20986,normal
3904,normal
13390,anomaly
12299,anomaly
15665,anomaly
14651,anomaly
22083,normal
16968,anomaly
7194,normal
17942,anomaly
16464,normal
200,normal
764,normal
17056,anomaly
15983,anomaly
21043,normal
8498,normal
7688,anomaly
16873,normal
20370,normal
11695,anomaly
19759,anomaly
23476,normal
20145,normal
22169,normal
23217,anomaly
17837,anomaly
9388,normal
5828,normal
19231,normal
17074,anomaly
15346,normal
11715,anomaly
12124,anomaly
22512,normal
3220,normal
9305,normal
14199,normal
20653,anomaly
10739,anomaly
13661,normal
5494,normal
22590,anomaly
23077,anomaly
11209,normal
4480,normal
22584,normal
12670,anomaly
5966,anomaly
14692,normal
7695,anomaly
9341,anomaly
20651,normal
11534,anomaly
4306,normal
19050,normal
3381,anomaly
3986,normal
19003,anomaly
3648,normal
346,anomaly
19684,anomaly
19423,anomaly
18935,normal
21235,anomaly
5860,anomaly
7812,normal
15809,normal
3425,normal
6541,anomaly
15606,normal
2868,normal
9848,anomaly
22476,normal
23622,normal
4601,normal
7809,normal
7224,normal
20265,anomaly
24748,anomaly
647,anomaly
3392,anomaly
15503,normal
20446,normal
10270,normal
8415,anomaly
21788,normal
4336,normal
24207,anomaly
6622,normal
9594,normal
18501,anomaly
4871,anomaly
23796,normal
13800,anomaly
16563,anomaly
9070,anomaly
23957,anomaly
3158,anomaly
25127,anomaly
3613,anomaly
24736,normal
14365,normal
13778,normal
12977,normal
8405,normal
21735,anomaly
21900,normal
23341,anomaly
8715,anomaly
5158,anomaly
11734,anomaly
24395,normal
2305,anomaly
70,normal
17762,normal
24169,anomaly
24095,anomaly
13960,anomaly
10610,normal
10817,normal
10630,normal
9145,anomaly
19580,anomaly
19135,normal
23154,normal
1327,anomaly
6717,normal
10955,normal
13861,anomaly
12350,normal
13951,normal
22712,anomaly
5882,normal
13447,normal
11011,normal
16515,normal
13344,anomaly
8107,normal
16545,anomaly
7504,anomaly
10657,normal
20911,anomaly
10820,normal
24781,anomaly
21323,normal
24122,anomaly
2147,normal
11628,normal
3551,normal
13715,anomaly
1000,anomaly
4859,normal
8039,normal
11067,anomaly
6628,normal
23373,normal
2393,anomaly
20609,normal
15451,normal
1178,normal
14839,normal
784,normal
12962,normal
18184,normal
20336,anomaly
18751,normal
9094,normal
21397,normal
17930,normal
14198,normal
2832,normal
21560,anomaly
10035,anomaly
21732,normal
7886,anomaly
10933,normal
16836,anomaly
20854,normal
14555,anomaly
23480,anomaly
23700,normal
19558,normal
17587,normal
18477,anomaly
12471,normal
18559,anomaly
2079,anomaly
18975,normal
23939,normal
5477,normal
17872,normal
11927,anomaly
4403,normal
19985,anomaly
21632,normal
17222,normal
24588,normal
15849,anomaly
25049,anomaly
19280,anomaly
19363,anomaly
16214,normal
2380,anomaly
20981,anomaly
16140,normal
14473,anomaly
20564,normal
14964,anomaly
6704,anomaly
9007,anomaly
17342,anomaly
12286,normal
24418,normal
2908,normal
10710,normal
19189,normal
12838,anomaly
19453,normal
12154,anomaly
14845,normal
2968,anomaly
16536,normal
7046,anomaly
16288,anomaly
15890,anomaly
15105,anomaly
9554,anomaly
16456,normal
19992,normal
8768,normal
22839,normal
6185,normal
17626,normal
6568,normal
7559,normal
14641,anomaly
8333,anomaly
21938,normal
24470,anomaly
19633,normal
10545,anomaly
19917,anomaly
11474,normal
15872,normal
24471,normal
17386,anomaly
9830,anomaly
14626,normal
18393,anomaly
16194,normal
10880,anomaly
19563,normal
15036,normal
10137,anomaly
6884,normal
12757,normal
8274,normal
9074,normal
23046,anomaly
11894,anomaly
15372,normal
1105,anomaly
22631,anomaly
10360,anomaly
10968,anomaly
18137,normal
4900,normal
12342,normal
23748,normal
6916,normal
1499,anomaly
3092,normal
10131,normal
20520,anomaly
19282,anomaly
9768,anomaly
5135,normal
21054,anomaly
4274,normal
5547,normal
23409,normal
24472,anomaly
1616,anomaly
23218,anomaly
22636,normal
10184,anomaly
18352,normal
14225,anomaly
12445,anomaly
22385,anomaly
20898,normal
4234,anomaly
20570,normal
3333,anomaly
19058,anomaly
23640,anomaly
9581,normal
14256,anomaly
20894,anomaly
16645,normal
11984,anomaly
23186,anomaly
19934,normal
7572,anomaly
6339,anomaly
22188,normal
7066,anomaly
7305,normal
6424,anomaly
1887,anomaly
4230,anomaly
21797,normal
10554,normal
6822,normal
18743,normal
18090,anomaly
14458,anomaly
13366,anomaly
22576,normal
2113,normal
21164,normal
17385,normal
21702,anomaly
16237,anomaly
12039,anomaly
7097,anomaly
9757,anomaly
4042,normal
11240,normal
18605,normal
23295,normal
175,anomaly
22028,anomaly
8358,normal
2631,anomaly
20428,normal
19644,normal
23834,anomaly
17724,normal
17630,normal
10997,normal
12932,normal
15337,anomaly
1048,normal
22093,anomaly
18994,anomaly
10803,anomaly
3025,anomaly
2080,normal
4308,anomaly
4938,anomaly
13509,normal
4687,anomaly
9249,anomaly
5550,anomaly
15903,anomaly
24458,anomaly
20684,normal
4767,anomaly
19418,normal
23067,anomaly
15155,normal
24234,normal
3741,normal
5876,normal
18632,normal
6336,normal
4368,normal
21218,normal
14236,normal
22632,anomaly
2653,normal
22493,anomaly
3026,normal
13927,anomaly
12466,normal
19729,anomaly
7948,anomaly
10145,anomaly
1160,anomaly
14533,anomaly
11116,normal
3798,normal
11091,normal
22322,normal
22585,normal
25096,anomaly
20737,normal
3066,normal
17446,normal
16934,normal
10743,normal
3978,anomaly
8252,normal
5460,anomaly
6457,normal
16514,anomaly
19543,anomaly
9545,anomaly
10498,normal
20532,normal
7425,normal
24560,normal
4141,normal
7238,normal
18990,anomaly
6405,normal
13590,normal
16158,normal
24449,normal
11389,normal
3937,anomaly
13511,anomaly
23845,normal
8465,normal
12040,normal
23849,normal
5711,anomaly
6240,anomaly
10194,normal
786,normal
1946,normal
18142,normal
20764,anomaly
8368,normal
7028,normal
3236,normal
8827,anomaly
6176,anomaly
11755,normal
13617,anomaly
24145,normal
8144,anomaly
13821,normal
20738,normal
16130,normal
1230,normal
15818,normal
21145,anomaly
13583,normal
21011,normal
4128,anomaly
15733,anomaly
21865,normal
11575,anomaly
21067,anomaly
20239,normal
8304,normal
9992,normal
10153,anomaly
18031,normal
162,normal
120,anomaly
18335,anomaly
14853,anomaly
166,normal
20995,anomaly
4445,normal
13476,normal
5913,normal
2945,anomaly
21918,anomaly
11125,anomaly
1525,anomaly
13057,anomaly
4479,normal
973,anomaly
14699,anomaly
15679,normal
21069,anomaly
10631,anomaly
14464,normal
509,anomaly
2416,anomaly
24658,normal
11700,normal
7201,anomaly
10998,normal
8024,normal
1583,normal
19689,normal
10845,anomaly
13884,normal
899,anomaly
21840,anomaly
1534,anomaly
365,anomaly
14653,normal
14374,anomaly
14467,anomaly
19346,normal
2828,normal
19340,normal
20376,normal
1165,anomaly
3910,anomaly
8806,anomaly
24581,anomaly
9988,normal
2085,anomaly
16154,anomaly
12318,anomaly
5767,anomaly
11934,normal
8817,normal
9313,normal
4551,anomaly
14222,normal
10443,anomaly
1220,anomaly
18381,normal
2186,normal
10279,normal
3445,normal
4952,normal
19230,anomaly
17836,anomaly
13206,normal
12283,anomaly
15680,anomaly
6109,normal
20525,anomaly
10882,anomaly
2853,normal
16518,anomaly
14209,normal
4019,normal
6193,normal
23396,normal
7555,normal
3530,anomaly
3550,anomaly
6988,anomaly
10878,normal
10918,normal
7385,normal
9563,normal
18135,normal
21325,normal
23460,normal
12560,anomaly
1481,anomaly
4941,normal
4652,normal
12115,anomaly
15829,anomaly
13937,anomaly
23686,normal
7053,normal
19969,anomaly
1970,normal
19251,anomaly
12910,normal
23868,normal
23940,anomaly
20119,normal
11795,anomaly
11791,anomaly
562,normal
24569,anomaly
5413,anomaly
2148,normal
3684,normal
25019,anomaly
4337,normal
9979,anomaly
22403,anomaly
20006,anomaly
14867,anomaly
17394,normal
10976,anomaly
18013,anomaly
22545,normal
13384,anomaly
11801,normal
4909,anomaly
2391,anomaly
1861,anomaly
7723,anomaly
21171,normal
553,anomaly
2532,anomaly
10241,normal
275,normal
10275,normal
16889,anomaly
3618,normal
8854,normal
19383,anomaly
17445,normal
23064,anomaly
2472,anomaly
13525,normal
24483,anomaly
3875,normal
609,anomaly
20671,anomaly
12316,anomaly
21567,normal
15124,normal
9044,normal
8750,normal
12536,anomaly
16860,normal
13421,anomaly
16169,anomaly
694,normal
6156,anomaly
16573,normal
1071,anomaly
14508,normal
10248,normal
4411,normal
20713,normal
4374,anomaly
22017,anomaly
11488,anomaly
3693,normal
11000,normal
628,normal
14157,normal
4381,anomaly
22710,anomaly
3673,normal
16738,normal
2496,normal
18082,normal
16491,normal
15509,anomaly
17919,normal
15593,anomaly
18800,anomaly
17139,normal
22171,normal
24628,normal
12270,anomaly
3084,normal
11102,normal
2406,normal
14655,anomaly
4717,anomaly
18480,normal
11239,anomaly
282,normal
19517,anomaly
8315,normal
10288,normal
22735,normal
23781,anomaly
15801,normal
8524,normal
8961,anomaly
24149,normal
5141,anomaly
18187,anomaly
2705,anomaly
24036,anomaly
8422,anomaly
8068,normal
18662,normal
2872,anomaly
23926,anomaly
13006,anomaly
17834,normal
9966,normal
3380,normal
22252,normal
24260,anomaly
23036,anomaly
14376,normal
17368,normal
17884,anomaly
23004,anomaly
12288,normal
5904,normal
22182,anomaly
11752,normal
4775,anomaly
22286,anomaly
9514,anomaly
6025,normal
9162,normal
3336,normal
8319,anomaly
7365,normal
2178,anomaly
21863,normal
13175,normal
21122,anomaly
4020,anomaly
13485,anomaly
16454,anomaly
12688,anomaly
9234,normal
1446,anomaly
13380,anomaly
17249,normal
17610,anomaly
16098,anomaly
14631,normal
803,normal
12604,anomaly
11490,normal
3328,anomaly
4292,anomaly
19538,normal
2815,normal
3872,anomaly
21580,anomaly
5243,anomaly
10043,normal
8871,anomaly
18818,anomaly
24799,normal
10040,anomaly
5787,anomaly
20207,normal
14838,normal
22153,normal
912,anomaly
17722,anomaly
21855,normal
3577,anomaly
24541,anomaly
13164,normal
5806,normal
25148,normal
16334,anomaly
19751,anomaly
18784,normal
4996,anomaly
16338,anomaly
2818,normal
13243,anomaly
24190,normal
22131,anomaly
14636,normal
3406,anomaly
1371,normal
4999,normal
6592,anomaly
1495,anomaly
4690,normal
16626,normal
20484,normal
21337,normal
11022,anomaly
12750,normal
9682,anomaly
8288,anomaly
8336,normal
25059,normal
6208,normal
18053,anomaly
18812,anomaly
3754,anomaly
18326,normal
9071,normal
17793,anomaly
17047,anomaly
13400,normal
10388,anomaly
14511,normal
9455,normal
15737,anomaly
23848,anomaly
15205,normal
3368,anomaly
9173,anomaly
23576,anomaly
9053,normal
8716,normal
6075,anomaly
17818,anomaly
16593,normal
11583,normal
18499,anomaly
17334,normal
11565,anomaly
12529,normal
3887,normal
10899,anomaly
13503,normal
2764,anomaly
10772,anomaly
18694,normal
20681,normal
7819,normal
17137,anomaly
14752,normal
7907,normal
1357,anomaly
8151,anomaly
11512,anomaly
20689,normal
22409,normal
13210,normal
15122,anomaly
17178,anomaly
17937,normal
7628,anomaly
8478,normal
16102,anomaly
16624,normal
11726,anomaly
13556,normal
6786,anomaly
9693,anomaly
13505,anomaly
17015,anomaly
20718,anomaly
10362,anomaly
2054,normal
16423,normal
23694,normal
11814,normal
21944,anomaly
20882,anomaly
3058,anomaly
8077,anomaly
3858,normal
6585,anomaly
7032,normal
9023,anomaly
23863,normal
5889,normal
15170,normal
23583,anomaly
1197,normal
8112,normal
15815,normal
13240,normal
1148,anomaly
5439,normal
2343,anomaly
17449,anomaly
12941,normal
11422,anomaly
6243,anomaly
24205,normal
11114,anomaly
18459,anomaly
6698,normal
5268,normal
5396,anomaly
11168,normal
25023,anomaly
17784,normal
5313,anomaly
21455,anomaly
22449,normal
12830,anomaly
6748,normal
2924,normal
8676,normal
15929,normal
3644,anomaly
6583,anomaly
13444,anomaly
4853,normal
12668,anomaly
1368,anomaly
2,anomaly
15670,normal
11326,normal
3011,normal
19656,anomaly
16605,anomaly
11086,anomaly
16919,normal
8558,normal
21140,normal
15736,anomaly
761,anomaly
18068,normal
13753,normal
21247,anomaly
9156,anomaly
91,normal
24154,anomaly
19461,anomaly
20814,anomaly
1140,anomaly
21277,anomaly
24565,anomaly
17914,anomaly
11671,anomaly
477,anomaly
13449,normal
19438,normal
8549,anomaly
17135,normal
19619,normal
18166,normal
9934,anomaly
19449,normal
13432,normal
11816,anomaly
21134,normal
4035,anomaly
16267,anomaly
18380,normal
7484,normal
24721,normal
14728,normal
12892,anomaly
737,anomaly
12940,normal
15784,normal
15745,anomaly
22554,normal
19226,anomaly
2287,anomaly
3089,anomaly
15350,normal
826,anomaly
25054,anomaly
682,normal
9292,normal
4704,normal
9334,normal
24995,anomaly
7846,normal
21207,normal
14096,anomaly
24325,anomaly
15931,anomaly
15040,normal
24191,anomaly
16775,anomaly
21286,normal
7689,normal
11530,anomaly
21350,anomaly
19721,normal
16642,anomaly
21394,anomaly
25031,anomaly
4289,anomaly
19054,anomaly
9335,anomaly
10199,anomaly
24801,normal
14133,normal
4120,normal
23565,anomaly
10579,anomaly
8361,normal
5166,normal
20503,anomaly
24848,anomaly
12953,anomaly
2400,anomaly
18931,normal
23980,normal
6926,anomaly
7023,anomaly
18952,normal
18448,normal
10223,anomaly
22234,anomaly
17092,normal
10324,normal
13713,anomaly
18098,anomaly
7035,normal
431,anomaly
7741,anomaly
15881,normal
19569,normal
4454,normal
8135,normal
16322,normal
10875,normal
662,anomaly
3091,normal
8733,normal
18138,normal
19734,normal
11950,normal
15641,anomaly
184,anomaly
9408,normal
8401,anomaly
8769,anomaly
11008,anomaly
24744,normal
6621,normal
20418,normal
11766,anomaly
22317,normal
12287,anomaly
6266,anomaly
22643,anomaly
21101,normal
17173,normal
20241,anomaly
22562,anomaly
17520,normal
3497,normal
16078,normal
10432,normal
10181,anomaly
2502,normal
17525,normal
10532,normal
17075,anomaly
7627,anomaly
20536,anomaly
7849,anomaly
5359,normal
3462,normal
20228,normal
2330,anomaly
2191,anomaly
10096,anomaly
11182,normal
13315,anomaly
24088,anomaly
4694,anomaly
15147,anomaly
18329,normal
24904,anomaly
3421,anomaly
21509,anomaly
24557,normal
16621,normal
319,anomaly
1215,anomaly
21844,anomaly
20675,normal
4557,normal
2304,normal
21747,normal
10374,normal
6644,anomaly
18103,normal
497,normal
21415,normal
24843,anomaly
13636,anomaly
12293,anomaly
19782,anomaly
23359,normal
24476,anomaly
7076,normal
4556,normal
12950,normal
127,normal
14946,normal
14301,anomaly
17791,anomaly
9205,normal
4390,anomaly
11023,normal
14046,anomaly
9360,normal
11739,normal
18177,normal
11704,normal
24779,normal
1253,normal
4795,normal
9151,normal
587,normal
13591,anomaly
4567,normal
668,normal
2044,normal
9744,anomaly
19258,normal
22949,normal
25089,anomaly
22373,anomaly
9740,anomaly
8927,anomaly
20036,normal
16578,normal
15106,anomaly
18028,anomaly
6342,normal
8714,normal
8201,anomaly
7512,anomaly
14214,anomaly
13897,normal
3114,anomaly
9436,normal
17983,anomaly
391,normal
22096,normal
5645,anomaly
8108,anomaly
14439,anomaly
23111,anomaly
21665,anomaly
7363,anomaly
2494,normal
16289,anomaly
13788,anomaly
6812,normal
21471,anomaly
4277,anomaly
55,normal
21826,normal
16996,normal
20742,anomaly
1190,anomaly
14565,anomaly
8186,anomaly
1409,normal
6747,normal
4736,anomaly
14544,normal
330,anomaly
4892,anomaly
1319,normal
3671,normal
8793,normal
24028,normal
17278,anomaly
276,anomaly
7204,anomaly
10425,normal
838,anomaly
23803,normal
9841,normal
9952,normal
23553,anomaly
16403,normal
9353,anomaly
9891,normal
17683,anomaly
4133,anomaly
5380,anomaly
23383,normal
14562,anomaly
7579,anomaly
15764,anomaly
16035,anomaly
5818,normal
10128,normal
15558,anomaly
1783,anomaly
5606,normal
23771,anomaly
14024,normal
6137,normal
23840,anomaly
4409,normal
24021,anomaly
19032,normal
17986,anomaly
6321,anomaly
6994,normal
1524,anomaly
25005,anomaly
24505,normal
23649,normal
8338,anomaly
1511,normal
20583,anomaly
12049,anomaly
12762,normal
15975,normal
2735,anomaly
5999,normal
6524,normal
11913,anomaly
7979,normal
23670,anomaly
5923,normal
8616,anomaly
20170,anomaly
5469,anomaly
20188,normal
16000,normal
17661,normal
18070,anomaly
18529,normal
6278,normal
10978,normal
17988,anomaly
13554,normal
3688,normal
1104,normal
14027,anomaly
2289,normal
14294,normal
23696,normal
24099,normal
9665,normal
13195,anomaly
8355,anomaly
24178,anomaly
3536,anomaly
2268,anomaly
9809,anomaly
15217,normal
15456,normal
12792,normal
3999,anomaly
7790,normal
4993,normal
23735,normal
8641,anomaly
712,anomaly
18645,normal
13848,normal
7434,anomaly
15592,normal
12984,anomaly
18629,normal
1362,anomaly
4990,anomaly
702,normal
19594,normal
20379,normal
5760,normal
22466,normal
7355,anomaly
23146,normal
20268,anomaly
14975,anomaly
18727,normal
117,normal
11215,anomaly
20102,anomaly
21461,normal
12149,anomaly
1486,anomaly
2158,anomaly
7922,anomaly
16997,anomaly
3883,normal
19634,normal
16493,normal
2685,normal
12924,normal
14300,normal
15786,normal
15322,anomaly
18496,anomaly
20295,anomaly
2808,anomaly
5948,anomaly
13915,anomaly
10044,normal
8036,normal
18867,anomaly
14405,normal
11331,normal
24884,normal
20408,normal
10971,normal
6619,normal
18199,normal
13314,normal
23571,normal
22313,normal
4080,anomaly
25071,anomaly
16863,anomaly
10923,anomaly
8717,normal
980,normal
9264,anomaly
10246,normal
21892,anomaly
2556,anomaly
25001,anomaly
4897,anomaly
18073,normal
17408,anomaly
14018,normal
10499,normal
10879,normal
1630,normal
12634,normal
16144,normal
9415,normal
15574,anomaly
2688,normal
7287,anomaly
19437,normal
22746,anomaly
21661,normal
21896,normal
1154,anomaly
17708,normal
9369,normal
11647,normal
2396,normal
5602,normal
19208,anomaly
10254,normal
3097,normal
13228,anomaly
19197,normal
3457,anomaly
6394,normal
18457,normal
17764,anomaly
24561,normal
15286,anomaly
23102,anomaly
12297,anomaly
16478,normal
8080,anomaly
8117,normal
20413,anomaly
20392,anomaly
3683,normal
22837,normal
24846,anomaly
23017,normal
11783,normal
18940,normal
19744,normal
1547,anomaly
7999,anomaly
21410,normal
2492,normal
23273,anomaly
24797,anomaly
3056,normal
24921,anomaly
2339,normal
22113,normal
23450,anomaly
19711,normal
20156,normal
14985,normal
21899,anomaly
17809,anomaly
16994,normal
9029,anomaly
9684,anomaly
8835,anomaly
19223,anomaly
22421,anomaly
22480,normal
15161,normal
18271,normal
16185,normal
20019,anomaly
5694,anomaly
22398,normal
18266,anomaly
10675,anomaly
11466,normal
7045,anomaly
23660,anomaly
5974,normal
20916,anomaly
400,normal
15597,normal
22831,anomaly
1920,normal
22536,anomaly
10683,normal
21233,normal
376,normal
14495,anomaly
15752,anomaly
6719,anomaly
14795,anomaly
23059,normal
11498,normal
8292,normal
3900,normal
10744,normal
25155,normal
21807,normal
13353,anomaly
21706,normal
1094,anomaly
14698,anomaly
13092,normal
13725,normal
17524,normal
2196,anomaly
17703,anomaly
2603,anomaly
5583,normal
12109,normal
6248,normal
3164,anomaly
5681,normal
1383,normal
8,anomaly
6910,normal
9907,anomaly
22250,anomaly
1755,anomaly
19372,normal
1901,normal
10115,anomaly
18118,anomaly
21431,normal
14210,anomaly
13284,anomaly
2435,anomaly
19067,normal
25035,normal
8381,normal
14011,normal
14308,normal
2159,normal
4342,anomaly
24609,normal
18156,normal
20516,normal
23751,anomaly
18634,normal
8102,normal
5433,normal
13684,normal
16254,anomaly
1422,normal
10599,anomaly
4824,normal
2277,anomaly
4838,normal
24515,anomaly
1013,anomaly
5246,anomaly
11058,anomaly
7956,anomaly
25166,anomaly
14633,anomaly
8298,anomaly
8940,anomaly
20670,normal
2116,anomaly
13977,normal
9708,normal
7318,normal
13979,anomaly
11566,normal
24264,anomaly
22106,anomaly
6049,normal
24738,normal
3985,anomaly
4711,normal
24214,anomaly
11161,anomaly
10889,normal
24044,anomaly
6625,anomaly
3107,normal
1772,anomaly
1002,normal
19415,anomaly
6867,normal
10608,normal
19153,normal
8386,anomaly
17954,normal
3502,normal
25090,normal
10469,normal
2918,normal
12341,normal
24200,anomaly
5801,normal
2984,normal
19367,anomaly
5729,anomaly
14689,normal
17713,anomaly
20756,anomaly
1210,normal
14967,anomaly
24447,normal
4287,anomaly
9047,normal
24654,anomaly
5865,anomaly
17315,normal
10698,normal
16871,anomaly
16802,anomaly
5661,normal
16284,anomaly
20302,anomaly
18310,anomaly
21111,normal
17346,normal
5766,normal
13990,anomaly
22530,anomaly
15539,normal
4948,anomaly
8175,normal
20075,normal
17934,anomaly
3443,normal
11229,normal
6938,normal
15214,anomaly
4396,normal
13445,normal
10704,anomaly
10784,normal
19481,anomaly
10331,anomaly
1361,anomaly
697,normal
11356,anomaly
19157,normal
261,normal
24806,anomaly
9579,anomaly
17641,anomaly
9818,anomaly
21987,normal
12224,normal
10482,anomaly
22025,anomaly
20891,anomaly
1401,normal
9480,normal
8610,normal
15236,normal
20762,normal
21927,anomaly
21311,normal
14373,anomaly
3845,normal
16449,anomaly
19123,normal
10535,normal
14987,anomaly
11189,normal
23132,normal
11271,anomaly
8279,normal
3045,anomaly
21261,normal
732,anomaly
20416,normal
12330,normal
22166,normal
23242,anomaly
23488,anomaly
11539,normal
2386,normal
2448,normal
3976,normal
24455,normal
11163,normal
18863,anomaly
24977,anomaly
3890,anomaly
10642,anomaly
2698,anomaly
4248,normal
18263,normal
13584,normal
14383,anomaly
7889,normal
11793,anomaly
2093,anomaly
13938,anomaly
2562,anomaly
4346,normal
2535,anomaly
18887,anomaly
6950,anomaly
20254,normal
3621,normal
4082,anomaly
4708,normal
24451,normal
14786,normal
2317,anomaly
3357,anomaly
12507,normal
11436,normal
5437,normal
12099,normal
16132,anomaly
16103,normal
11024,anomaly
14126,normal
17742,normal
15690,anomaly
11013,anomaly
12013,anomaly
6779,anomaly
23542,anomaly
22635,normal
18713,anomaly
16876,normal
8471,anomaly
7676,anomaly
11278,normal
16472,anomaly
19865,anomaly
3253,normal
13404,normal
111,normal
203,normal
12790,normal
16696,anomaly
1343,anomaly
14810,anomaly
15053,normal
9143,anomaly
2231,normal
5803,normal
11853,normal
12012,normal
12623,anomaly
12418,normal
18364,normal
13802,normal
5201,anomaly
24038,normal
15079,anomaly
18155,normal
6737,anomaly
13736,anomaly
2618,anomaly
12145,normal
6392,anomaly
10209,normal
16857,normal
25123,normal
7376,normal
5746,normal
11210,anomaly
9741,anomaly
23770,anomaly
10885,anomaly
6593,normal
428,normal
4063,anomaly
791,normal
3925,anomaly
4467,normal
22125,normal
19641,anomaly
12543,normal
4275,anomaly
4867,normal
16647,normal
2805,anomaly
9754,normal
21137,normal
20800,normal
1974,anomaly
14593,normal
8295,anomaly
12658,normal
20306,normal
9348,anomaly
19862,normal
8432,normal
5968,anomaly
1784,anomaly
24364,anomaly
9413,normal
11462,normal
17033,normal
18762,anomaly
15211,normal
5726,normal
12026,anomaly
24952,normal
18287,normal
21792,normal
16445,anomaly
986,anomaly
14088,normal
773,normal
4055,anomaly
21236,anomaly
22085,normal
13129,normal
23824,normal
4739,normal
2684,anomaly
10999,normal
6701,anomaly
13904,anomaly
9953,anomaly
9689,anomaly
3125,normal
23166,anomaly
8808,normal
5685,anomaly
21502,normal
19978,anomaly
5065,normal
7205,normal
8081,normal
14162,anomaly
24392,normal
3721,normal
14916,normal
11302,normal
20759,normal
5834,normal
23592,normal
4362,anomaly
7576,anomaly
16084,anomaly
4293,normal
10600,anomaly
10193,anomaly
18245,normal
2797,anomaly
5,anomaly
7208,anomaly
2090,anomaly
2759,normal
19045,normal
14197,anomaly
13536,normal
9935,anomaly
19329,anomaly
99,anomaly
17155,normal
8420,anomaly
21810,anomaly
3924,normal
15148,normal
3822,anomaly
15065,anomaly
17923,anomaly
12376,normal
19133,normal
6909,normal
11574,anomaly
22872,normal
19796,anomaly
24599,anomaly
16852,normal
20941,normal
18470,normal
10487,anomaly
13991,anomaly
1497,anomaly
22967,normal
18758,anomaly
14176,normal
8943,anomaly
3193,normal
19664,anomaly
3742,normal
21298,normal
10555,normal
21287,normal
3444,anomaly
7094,anomaly
12808,anomaly
13101,normal
20123,normal
5120,normal
21573,normal
22484,normal
9749,normal
21029,anomaly
18337,normal
21857,anomaly
10356,normal
11266,normal
6448,normal
520,anomaly
7938,anomaly
23628,normal
3562,anomaly
10646,normal
24953,normal
377,normal
21119,normal
13949,anomaly
14190,anomaly
19261,normal
8057,normal
22036,normal
18819,anomaly
23452,anomaly
1289,anomaly
18742,anomaly
650,anomaly
17844,anomaly
21943,anomaly
22984,normal
1947,normal
24795,normal
3324,normal
8010,normal
19905,anomaly
13034,normal
6088,normal
966,anomaly
7550,normal
13120,normal
8511,normal
22822,normal
21798,normal
6106,anomaly
23445,anomaly
24185,anomaly
20018,anomaly
24649,normal
8324,anomaly
4925,normal
10818,normal
18474,normal
8581,normal
17936,anomaly
22291,anomaly
13660,normal
9257,anomaly
1431,anomaly
1768,anomaly
12747,normal
13524,anomaly
23224,normal
2659,normal
2938,anomaly
6344,anomaly
20977,anomaly
14142,anomaly
15885,normal
22422,anomaly
7147,anomaly
7222,anomaly
291,anomaly
22082,normal
13551,anomaly
4713,normal
24756,normal
19611,anomaly
2265,anomaly
10065,normal
13133,anomaly
1399,normal
11317,normal
10749,anomaly
3298,normal
23446,normal
21675,anomaly
9036,normal
24244,normal
23023,normal
6503,normal
19741,anomaly
8403,anomaly
7509,anomaly
9371,anomaly
652,anomaly
1321,anomaly
15270,normal
13767,anomaly
14438,anomaly
8971,normal
21099,normal
1117,anomaly
20417,anomaly
6222,anomaly
10013,anomaly
21419,normal
5373,normal
12698,normal
8748,anomaly
22181,anomaly
20660,anomaly
4927,anomaly
12499,anomaly
23753,anomaly
12638,normal
16230,anomaly
13967,normal
6645,normal
9625,anomaly
19457,anomaly
9054,normal
17103,anomaly
22372,normal
4870,anomaly
12624,anomaly
13688,anomaly
24055,normal
508,normal
11300,normal
21859,normal
3118,anomaly
9705,anomaly
12434,normal
23197,anomaly
9890,normal
24592,normal
23095,normal
24933,normal
3843,normal
20494,normal
3418,normal
15373,normal
20054,normal
8076,normal
11809,normal
10250,anomaly
19629,normal
16700,normal
14401,anomaly
7511,anomaly
11800,normal
8530,normal
1367,anomaly
24719,anomaly
20522,anomaly
16850,normal
17622,anomaly
1898,normal
20632,normal
5202,anomaly
20588,anomaly
2387,normal
4721,anomaly
7556,normal
16781,anomaly
17206,normal
23674,anomaly
18594,normal
15590,anomaly
16582,anomaly
22985,anomaly
4325,normal
14721,normal
6694,normal
18536,normal
20837,normal
1460,normal
24959,anomaly
16610,normal
14841,anomaly
21243,anomaly
22854,anomaly
7220,normal
14876,normal
11427,normal
19424,anomaly
19170,normal
1201,anomaly
9835,anomaly
25016,anomaly
17322,normal
10983,normal
6184,normal
9043,anomaly
17270,normal
10713,anomaly
4384,normal
9621,anomaly
22645,anomaly
24630,normal
812,anomaly
12919,normal
15798,anomaly
22763,normal
8050,anomaly
7148,normal
11764,anomaly
11367,normal
18834,normal
14235,normal
4096,normal
8675,anomaly
24791,normal
5891,anomaly
17916,anomaly
20834,anomaly
8997,normal
572,anomaly
23283,normal
787,anomaly
4247,normal
135,anomaly
5943,normal
9750,normal
10835,normal
23086,normal
19894,anomaly
17656,normal
8601,normal
19478,anomaly
19670,anomaly
23054,normal
10438,normal
22063,normal
9431,anomaly
3450,normal
7660,normal
4225,normal
1791,anomaly
8113,normal
12161,anomaly
6201,anomaly
3991,normal
10777,anomaly
6573,normal
18944,anomaly
21041,normal
23161,normal
11836,anomaly
12809,normal
6735,anomaly
24550,normal
2411,anomaly
5693,anomaly
19473,anomaly
13498,normal
7009,anomaly
24830,anomaly
14262,normal
24702,normal
23191,normal
19417,normal
22597,anomaly
21748,anomaly
12322,normal
5506,normal
6612,anomaly
7021,anomaly
13028,anomaly
7003,anomaly
10840,anomaly
11828,anomaly
23003,normal
25073,normal
6001,normal
10894,anomaly
23496,normal
24877,anomaly
1324,anomaly
1605,anomaly
15781,anomaly
15181,normal
10426,anomaly
17637,normal
12930,anomaly
21340,anomaly
1710,normal
8659,anomaly
24068,normal
22315,normal
15811,normal
22265,normal
11480,anomaly
8588,normal
23234,normal
24865,normal
19306,normal
12922,normal
6879,anomaly
21215,normal
7412,normal
22864,normal
2144,normal
467,anomaly
1373,anomaly
2326,anomaly
1829,normal
3895,anomaly
6703,anomaly
1239,normal
9909,anomaly
15893,anomaly
17873,anomaly
17470,normal
20290,anomaly
20971,anomaly
1425,anomaly
4974,normal
1012,anomaly
15274,normal
23726,normal
8179,normal
24434,anomaly
16660,anomaly
814,normal
18991,anomaly
19832,anomaly
6600,normal
3052,normal
12705,normal
14155,normal
20245,normal
23662,anomaly
15275,anomaly
23676,anomaly
3385,normal
10,anomaly
17670,normal
2555,anomaly
5513,anomaly
7896,normal
12078,anomaly
20844,normal
22522,anomaly
364,normal
20415,anomaly
18925,normal
22173,normal
8559,normal
9937,normal
16040,anomaly
9129,anomaly
15183,normal
10147,normal
2193,anomaly
23394,anomaly
489,normal
12526,anomaly
21345,anomaly
23500,normal
23357,normal
16909,anomaly
13679,normal
11398,anomaly
4257,anomaly
12159,normal
6399,anomaly
2931,normal
19356,normal
12836,anomaly
16223,anomaly
23331,anomaly
16315,normal
24475,anomaly
6695,normal
20598,anomaly
13743,anomaly
13050,normal
8644,anomaly
6725,anomaly
10237,anomaly
5482,normal
23431,normal
22709,normal
21603,anomaly
16421,anomaly
25168,normal
7458,anomaly
2520,normal
11197,normal
2802,normal
24739,normal
4464,anomaly
15993,anomaly
2057,normal
594,normal
18835,anomaly
6545,anomaly
4703,normal
5858,anomaly
20902,normal
5745,normal
3303,anomaly
1394,anomaly
16198,normal
20853,anomaly
22016,anomaly
801,normal
12610,anomaly
505,normal
20673,normal
14620,anomaly
20950,anomaly
21270,anomaly
1237,normal
20053,anomaly
16240,anomaly
15459,anomaly
15207,anomaly
1252,normal
11072,normal
21608,normal
23392,normal
24903,normal
18284,normal
19589,anomaly
10306,normal
6553,anomaly
5532,normal
9603,anomaly
15093,anomaly
15934,anomaly
5978,anomaly
22489,anomaly
2327,anomaly
19951,anomaly
16542,normal
16512,normal
14742,anomaly
7567,normal
23176,anomaly
13327,normal
24528,normal
12294,normal
1762,anomaly
8804,normal
12080,anomaly
3820,anomaly
10176,anomaly
14955,anomaly
18435,normal
7435,anomaly
4671,normal
23263,anomaly
1288,normal
3537,anomaly
6052,anomaly
2995,normal
13064,normal
23669,normal
21045,normal
4153,normal
3296,normal
1796,normal
6,anomaly
15796,normal
18953,normal
6198,normal
8892,anomaly
2990,anomaly
11844,anomaly
20747,anomaly
19475,normal
6889,anomaly
6205,anomaly
4692,normal
19931,normal
7869,normal
13798,normal
20963,anomaly
25018,anomaly
13711,normal
5697,normal
3391,anomaly
4997,normal
15789,normal
11868,normal
19127,anomaly
18411,normal
7418,normal
23371,normal
11792,normal
22159,normal
6907,anomaly
13907,normal
19354,normal
7655,anomaly
20339,anomaly
4794,anomaly
22715,anomaly
6824,anomaly
19193,normal
15947,normal
22176,normal
5404,normal
9356,normal
17583,normal
11625,normal
849,anomaly
4825,normal
16172,normal
8634,normal
660,normal
8699,normal
24608,normal
3428,normal
11198,anomaly
16893,normal
12475,normal
24236,anomaly
24533,anomaly
17125,anomaly
8137,anomaly
2741,normal
15836,anomaly
17343,anomaly
11406,normal
10547,normal
10853,normal
14289,anomaly
2517,normal
783,normal
21483,normal
14396,anomaly
11767,normal
19158,normal
19829,normal
2162,anomaly
11537,normal
15144,anomaly
14879,anomaly
10272,anomaly
12719,normal
13635,anomaly
2626,normal
734,normal
1707,normal
14848,normal
1608,normal
12656,anomaly
13495,normal
6665,normal
3043,anomaly
14230,normal
2703,normal
998,anomaly
17395,anomaly
24665,anomaly
16394,anomaly
13261,anomaly
4443,normal
17356,anomaly
18371,anomaly
2630,anomaly
3694,anomaly
8270,normal
10267,normal
18140,normal
9928,normal
11899,anomaly
9424,anomaly
9485,normal
9220,anomaly
18362,anomaly
24484,normal
10954,normal
21124,anomaly
23862,normal
16523,normal
11936,anomaly
15643,anomaly
8007,anomaly
5151,anomaly
4380,anomaly
20661,anomaly
15399,normal
7059,anomaly
10067,anomaly
18132,anomaly
13751,anomaly
20604,anomaly
15219,anomaly
2750,normal
4122,normal
12657,normal
7343,normal
18424,normal
8294,anomaly
3780,normal
13980,anomaly
10834,anomaly
23471,anomaly
21152,normal
16618,normal
14351,normal
14130,anomaly
2803,anomaly
8821,anomaly
913,anomaly
2397,normal
20556,anomaly
7341,normal
25169,normal
9343,normal
5942,anomaly
17526,normal
1087,normal
4754,normal
7118,normal
7713,anomaly
23382,anomaly
3088,normal
2066,anomaly
1283,anomaly
18485,normal
18636,anomaly
15869,anomaly
5267,anomaly
23998,normal
18392,normal
24890,anomaly
24078,anomaly
3597,normal
12175,normal
11206,normal
10895,normal
889,normal
9813,normal
18730,anomaly
4662,anomaly
19575,normal
4017,normal
8794,normal
8645,normal
12221,normal
24617,anomaly
24607,normal
23706,anomaly
9203,anomaly
20823,normal
12382,normal
23238,normal
8278,normal
18896,normal
23947,normal
5049,anomaly
25153,normal
10824,normal
2069,normal
2848,normal
12745,normal
11157,normal
18450,normal
11831,anomaly
24985,normal
20201,normal
16122,normal
1006,normal
20470,normal
19047,normal
174,anomaly
13925,normal
13507,anomaly
5824,anomaly
24735,normal
14029,normal
14447,normal
3653,normal
771,anomaly
11352,anomaly
14034,normal
17338,normal
16432,anomaly
19535,normal
19671,normal
4720,normal
24802,anomaly
21338,anomaly
24208,normal
6798,anomaly
1068,normal
3379,anomaly
1599,anomaly
20109,normal
3970,anomaly
2072,normal
24866,normal
15833,anomaly
10121,normal
9911,normal
10910,anomaly
804,normal
23272,anomaly
23747,anomaly
23736,normal
1660,anomaly
4904,normal
16684,anomaly
6226,anomaly
2867,anomaly
17855,anomaly
11876,normal
14785,normal
24868,normal
2756,anomaly
11807,normal
6642,normal
15589,anomaly
2043,normal
1817,normal
22955,anomaly
16910,anomaly
11287,anomaly
5992,anomaly
4565,normal
4629,normal
22447,anomaly
2567,anomaly
12002,normal
14144,anomaly
5377,anomaly
16561,normal
10629,anomaly
12009,normal
16739,normal
4007,anomaly
23911,anomaly
13334,normal
8028,anomaly
18149,anomaly
10653,normal
7544,normal
15369,normal
5782,anomaly
11079,normal
13864,normal
16902,anomaly
24576,normal
1250,anomaly
7674,normal
5076,normal
15715,normal
2879,anomaly
22517,anomaly
18322,normal
18845,normal
12446,normal
21390,normal
7821,anomaly
13508,anomaly
14325,normal
3388,anomaly
10269,anomaly
9289,anomaly
537,normal
11035,normal
4442,normal
2592,normal
7781,normal
23393,normal
14399,normal
9008,normal
529,anomaly
1156,anomaly
7447,anomaly
2693,normal
12020,anomaly
13398,anomaly
2827,anomaly
21796,anomaly
18938,normal
12428,anomaly
24521,anomaly
12696,normal
10521,normal
5043,normal
19218,normal
24287,anomaly
15335,normal
15348,anomaly
22065,normal
22888,normal
2461,normal
20693,normal
13048,normal
20722,normal
14661,anomaly
20095,normal
16905,normal
23593,normal
22278,anomaly
11573,normal
16497,anomaly
8090,normal
3153,anomaly
4484,normal
19571,normal
19259,anomaly
1314,normal
19603,anomaly
14045,normal
1429,normal
11342,anomaly
11265,anomaly
19791,normal
3047,normal
5390,normal
14798,normal
17088,normal
17653,normal
6790,normal
2634,normal
17811,normal
14071,anomaly
10837,anomaly
7270,normal
3023,normal
2284,normal
24327,normal
24243,normal
11139,normal
24247,normal
13922,anomaly
9996,normal
5260,anomaly
24918,normal
9146,anomaly
21078,normal
7996,anomaly
5912,anomaly
5318,normal
8607,normal
19840,anomaly
16211,normal
23466,anomaly
8464,anomaly
12097,normal
19331,anomaly
14635,normal
4746,normal
13465,normal
7731,normal
21835,normal
20059,normal
17298,normal
10119,normal
12191,normal
16867,normal
22203,anomaly
10333,normal
23695,normal
11806,anomaly
19769,normal
8671,anomaly
14470,normal
9756,normal
16976,normal
13271,anomaly
16012,anomaly
10737,normal
1883,normal
17324,anomaly
18353,anomaly
15358,normal
10224,anomaly
23966,anomaly
1147,normal
6819,anomaly
16257,anomaly
16171,normal
21597,normal
8609,anomaly
15142,normal
18277,anomaly
11050,normal
1128,normal
19882,normal
14736,anomaly
22978,anomaly
9082,anomaly
18089,normal
11098,normal
17244,anomaly
10102,normal
19297,normal
7072,anomaly
13031,anomaly
19911,anomaly
1800,anomaly
9739,anomaly
12908,normal
6772,normal
11243,anomaly
19288,anomaly
2060,normal
59,normal
7475,anomaly
2235,normal
21696,normal
18439,normal
21448,anomaly
1033,normal
12242,normal
16494,normal
3920,normal
1088,anomaly
7202,normal
1668,normal
22195,anomaly
15345,anomaly
22165,anomaly
10171,normal
19074,normal
21443,anomaly
21554,normal
7678,normal
3543,normal
11075,anomaly
16226,normal
15371,normal
20956,anomaly
4798,normal
15072,anomaly
2840,normal
15871,normal
2246,normal
6410,normal
2910,normal
7804,anomaly
6028,anomaly
12669,normal
457,normal
23788,normal
1540,anomaly
8571,anomaly
4359,anomaly
2441,anomaly
7527,normal
12755,normal
5998,anomaly
14138,anomaly
14385,anomaly
15874,anomaly
7286,normal
18042,normal
19174,anomaly
15411,normal
9137,normal
12704,anomaly
9978,anomaly
18048,anomaly
1370,anomaly
17344,anomaly
19755,normal
17681,anomaly
20665,anomaly
4497,normal
1561,normal
6293,normal
9312,normal
2596,normal
12409,anomaly
18745,normal
3915,anomaly
4521,anomaly
19496,anomaly
7172,normal
4903,normal
6633,anomaly
6415,normal
11221,anomaly
2129,normal
18051,anomaly
16231,normal
9648,normal
17273,anomaly
12626,anomaly
6499,anomaly
5136,anomaly
5607,normal
8447,normal
18596,normal
1856,normal
1939,anomaly
7732,anomaly
23399,anomaly
23772,normal
19119,normal
19271,normal
999,normal
9366,normal
18449,normal
16217,normal
22365,normal
24774,normal
16820,anomaly
6279,normal
12413,anomaly
8162,normal
20533,anomaly
4073,anomaly
7469,anomaly
22540,normal
825,normal
23930,normal
4284,normal
20886,normal
22514,anomaly
606,anomaly
6089,anomaly
5455,normal
13576,anomaly
7873,anomaly
3275,normal
11592,anomaly
12153,anomaly
8913,anomaly
10249,normal
23112,anomaly
14066,normal
23715,normal
1865,anomaly
1629,normal
20236,anomaly
13548,normal
12452,anomaly
2017,normal
3759,anomaly
11611,anomaly
21536,normal
15808,normal
17822,anomaly
6991,anomaly
874,anomaly
17598,normal
4888,normal
16160,normal
6757,anomaly
4,normal
23551,anomaly
14913,normal
441,normal
24864,anomaly
5283,anomaly
90,normal
16757,normal
15297,normal
20744,normal
24172,anomaly
7441,anomaly
10346,normal
17579,anomaly
15493,anomaly
21931,anomaly
4060,anomaly
23873,normal
8049,normal
18680,anomaly
19264,normal
24268,anomaly
10809,normal
11477,normal
12989,anomaly
18299,anomaly
5431,normal
11062,anomaly
5176,normal
12482,anomaly
11107,normal
10029,anomaly
18798,anomaly
1506,normal
19337,normal
5877,normal
5242,anomaly
19676,normal
3847,normal
3289,normal
23941,anomaly
22270,anomaly
18631,normal
16300,anomaly
2028,normal
9081,anomaly
20248,anomaly
3967,normal
15708,normal
13409,anomaly
23894,anomaly
20970,anomaly
18897,anomaly
4178,anomaly
23758,anomaly
24136,normal
3054,normal
2922,normal
12842,anomaly
13130,normal
20573,normal
9442,normal
517,anomaly
7142,normal
5855,normal
23991,normal
6590,anomaly
7643,normal
15831,normal
260,anomaly
14048,anomaly
11180,anomaly
19456,normal
12311,normal
5758,anomaly
18054,normal
13475,normal
6482,normal
4680,normal
10861,anomaly
8873,normal
19324,anomaly
16236,anomaly
21625,anomaly
20133,anomaly
21086,normal
1837,normal
13558,normal
11059,anomaly
21762,anomaly
4296,anomaly
10733,normal
5121,normal
10332,anomaly
10541,anomaly
20537,normal
16259,normal
10419,normal
15003,normal
24621,normal
14621,normal
6673,anomaly
10433,normal
2177,normal
2498,anomaly
18799,normal
13981,anomaly
10463,anomaly
12423,normal
14907,anomaly
6323,normal
14494,normal
13518,normal
3472,anomaly
5574,normal
2745,anomaly
23033,anomaly
6383,normal
13918,anomaly
8493,anomaly
9570,normal
424,anomaly
3724,anomaly
7037,anomaly
15070,normal
239,normal
4028,normal
2171,normal
10297,normal
1169,anomaly
7538,anomaly
10640,normal
21984,normal
22551,normal
2662,anomaly
3075,anomaly
19048,normal
17529,anomaly
24840,anomaly
16427,normal
19856,normal
12964,normal
7185,normal
12139,normal
23323,anomaly
4869,normal
9178,normal
21933,anomaly
16100,anomaly
2739,normal
3518,normal
3623,normal
13274,anomaly
20409,normal
24131,anomaly
14125,anomaly
22482,normal
21744,anomaly
17176,normal
10866,normal
12612,anomaly
4913,anomaly
23474,anomaly
11322,normal
10574,normal
402,normal
19919,anomaly
10622,anomaly
20348,normal
1069,normal
22357,normal
5773,normal
22253,anomaly
10669,anomaly
7421,anomaly
24121,normal
17961,normal
15785,normal
15650,anomaly
10906,normal
4117,normal
7171,anomaly
9280,normal
5724,anomaly
9789,anomaly
1168,anomaly
7975,normal
12901,anomaly
8188,anomaly
25082,normal
14624,normal
1523,anomaly
19482,anomaly
21464,normal
9990,anomaly
25032,anomaly
11864,anomaly
6073,normal
4100,anomaly
18120,normal
3420,normal
5274,normal
17758,normal
22306,normal
24709,normal
16313,anomaly
21912,normal
7837,normal
12946,normal
5761,normal
3571,anomaly
12227,normal
8529,normal
17413,normal
13706,anomaly
14934,normal
2839,anomaly
13783,normal
24537,anomaly
16744,anomaly
5041,anomaly
21565,normal
23337,anomaly
18738,anomaly
7694,anomaly
3846,anomaly
3321,anomaly
3689,normal
12223,normal
23419,normal
19503,anomaly
4693,normal
15305,normal
6788,normal
5042,anomaly
8898,normal
473,normal
2286,anomaly
14489,normal
17902,anomaly
1285,anomaly
11117,normal
667,anomaly
15016,normal
22852,normal
21193,anomaly
5689,normal
4641,anomaly
18796,anomaly
86,normal
8372,normal
18586,normal
7806,anomaly
6098,normal
18846,normal
13580,anomaly
22033,normal
23617,anomaly
20610,normal
15461,anomaly
22687,normal
16794,normal
11779,anomaly
13332,anomaly
22698,anomaly
21639,anomaly
18058,normal
10318,anomaly
21530,anomaly
12542,normal
19502,normal
14968,anomaly
22040,anomaly
1387,anomaly
16576,normal
22921,normal
24583,normal
23235,normal
7606,anomaly
3132,normal
5897,anomaly
164,anomaly
4564,anomaly
10816,normal
15766,normal
10812,anomaly
8864,anomaly
10312,anomaly
19885,anomaly
3000,normal
24272,anomaly
1655,normal
582,anomaly
12802,normal
4323,normal
13770,anomaly
8678,anomaly
17528,normal
10742,normal
7588,anomaly
16525,anomaly
7379,anomaly
5524,normal
11170,anomaly
20051,anomaly
2734,anomaly
12594,normal
9632,normal
24992,anomaly
2118,anomaly
18544,normal
11505,normal
24237,normal
17546,normal
19042,anomaly
18956,normal
16366,normal
6391,anomaly
15897,normal
16659,anomaly
22907,normal
3426,anomaly
17233,anomaly
2402,anomaly
14085,normal
9972,anomaly
21864,normal
19651,anomaly
1333,normal
15,anomaly
2975,anomaly
24939,anomaly
22335,anomaly
11989,normal
15578,anomaly
6804,normal
16828,anomaly
20080,normal
6803,anomaly
2696,anomaly
9241,anomaly
21809,anomaly
22764,normal
5918,normal
10071,normal
23411,normal
12712,anomaly
1997,normal
6031,normal
23522,anomaly
8948,normal
8335,normal
16437,anomaly
7880,anomaly
49,anomaly
3491,normal
17928,normal
24824,anomaly
976,normal
1570,normal
16049,normal
22898,normal
20013,anomaly
14517,normal
13407,anomaly
21007,anomaly
2214,normal
19977,normal
19305,normal
24926,normal
11069,normal
5627,anomaly
8925,anomaly
20081,normal
10311,normal
15166,normal
15167,normal
19204,anomaly
14705,anomaly
709,anomaly
673,anomaly
9509,anomaly
20157,anomaly
16070,normal
11303,normal
7410,normal
23343,normal
14001,normal
12879,anomaly
20118,anomaly
2952,normal
22075,anomaly
7925,anomaly
21968,anomaly
5728,anomaly
25011,anomaly
19837,anomaly
24712,anomaly
11131,anomaly
18093,normal
15026,anomaly
21678,anomaly
11413,normal
2546,anomaly
19576,anomaly
23889,normal
7945,normal
20303,normal
18791,normal
2577,normal
13983,normal
12889,normal
23438,normal
12943,normal
25139,anomaly
18593,anomaly
21163,normal
17020,anomaly
15623,normal
9274,normal
708,anomaly
19677,anomaly
24290,normal
21308,normal
24862,normal
12370,normal
11276,normal
9224,normal
10406,anomaly
16667,anomaly
12591,normal
9840,anomaly
2213,normal
1223,anomaly
13272,anomaly
15366,normal
8535,anomaly
7913,normal
12089,anomaly
14625,anomaly
13479,anomaly
19099,normal
4091,anomaly
16203,normal
9026,normal
23823,normal
1090,normal
6094,normal
19201,anomaly
5113,normal
18658,normal
16,normal
4148,normal
6122,anomaly
18207,normal
17301,normal
19391,normal
10103,normal
1496,normal
5748,normal
18678,anomaly
9595,anomaly
7387,normal
21385,normal
24682,normal
18433,anomaly
16699,anomaly
24017,anomaly
10326,normal
17694,normal
4006,normal
3997,anomaly
7061,anomaly
13430,anomaly
20623,anomaly
10310,normal
21009,normal
23857,normal
4482,anomaly
3493,normal
5706,anomaly
16068,anomaly
10351,normal
23093,anomaly
16903,anomaly
6971,normal
8841,anomaly
126,normal
14502,normal
579,normal
1722,anomaly
16089,normal
14948,anomaly
15360,anomaly
9456,normal
6417,normal
11707,anomaly
11004,anomaly
11504,anomaly
20935,normal
19180,anomaly
17320,normal
17147,normal
23348,anomaly
23678,anomaly
5733,anomaly
23682,anomaly
2862,anomaly
8064,normal
19140,normal
14095,normal
13522,anomaly
7231,normal
24000,anomaly
11525,normal
20848,normal
17625,anomaly
13373,anomaly
12312,normal
14549,normal
18303,normal
20321,anomaly
8845,normal
4783,normal
20993,anomaly
6029,anomaly
12504,anomaly
12036,anomaly
24656,normal
12829,normal
20707,anomaly
9109,normal
16215,anomaly
1903,anomaly
1734,anomaly
15163,normal
18359,normal
3305,normal
14774,anomaly
12608,anomaly
19134,normal
7322,normal
13574,normal
15021,normal
1374,normal
12181,normal
12780,anomaly
19964,anomaly
4540,anomaly
13987,anomaly
21791,normal
13270,anomaly
15779,normal
4653,anomaly
14227,normal
17667,anomaly
11939,normal
9391,anomaly
9790,anomaly
4743,normal
24657,normal
6288,normal
2413,anomaly
19497,normal
17161,normal
13310,normal
4797,anomaly
3190,anomaly
16937,anomaly
14135,anomaly
3977,anomaly
1988,normal
23325,normal
16422,normal
11394,normal
13044,normal
9775,anomaly
12917,anomaly
8269,normal
17788,normal
3897,anomaly
11770,anomaly
20743,normal
5080,normal
15534,anomaly
20486,anomaly
24292,anomaly
11973,normal
23925,anomaly
23979,anomaly
17461,normal
15900,anomaly
13682,normal
22957,anomaly
9405,normal
24240,normal
24548,normal
9476,anomaly
16157,normal
6745,normal
2787,anomaly
2192,normal
19427,normal
14558,normal
17698,normal
23808,normal
21860,normal
